,link
0,https://cdn.011st.com/11dims/resize/600x600/quality/75/11src/product/4151356005/B.jpg?856000000
,link
0,http://shop1.phinf.naver.net/20230721_154/1689902074231tWnko_PNG/17093042547957991_1124665010.png
,link
0,http://shop1.phinf.naver.net/20230811_108/1691741413750VQMvF_PNG/37596521552440826_1214925626.png
,link
0,http://shop1.phinf.naver.net/20231211_94/1702271554435jDLrb_JPEG/103407453016214524_864794113.jpg
,link
0,http://shop1.phinf.naver.net/20231023_81/1698046937174ezt1n_JPEG/1420344904378829_1433429464.jpg
,link
0,http://shop1.phinf.naver.net/20230220_77/1676876425709LLwym_JPEG/78012209267917820_1152112748.jpg
,link
0,https://photo3.enuri.info/data/images/service/dnw/master/108809000/108809273.jpg
,link
0,http://shop1.phinf.naver.net/20230306_150/1678093868321lYuUU_JPEG/79229702134146234_566705049.jpg
,link
0,https://ldb-phinf.pstatic.net/20231010_126/1696918356948tup5l_JPEG/%C1%A4%C5%EB%B6%B1%BA%BA%C0%CC.JPG
,link
0,http://shop1.phinf.naver.net/20231127_202/17010573069197lihk_JPEG/11950987239026309_2100376454.jpg
,link
0,https://sitem.ssgcdn.com/87/85/85/item/1000525858587_i3_500.jpg
,link
0,http://shop1.phinf.naver.net/20240224_206/1708750553140ERv8G_PNG/109886395850999146_1793687477.png
,link
0,http://shop1.phinf.naver.net/20210811_111/1628645955059IYvpk_JPEG/36110588022518277_1140144557.jpg
,link
0,http://shop1.phinf.naver.net/20220420_98/1650414595022LQ6Sz_JPEG/51550440729740783_532495584.jpg
,link
0,http://shop1.phinf.naver.net/20230604_150/1685854292199zyHOO_JPEG/36551842142063171_1126208379.jpg
,link
0,http://shop1.phinf.naver.net/20220120_212/1642663958215jh6Gd_JPEG/43799792980000374_1908505571.jpg
,link
0,http://post.phinf.naver.net/MjAyMzA1MjZfMjYw/MDAxNjg1MDg1MzUxMDY4.M5Qr0E1vDCUpSRt5FLEVzivlU4NiI3L1SS5zxuNG39Ig.ijdI7mFe5VW517pLCRlBAv7MtldtBAvD6NEWGZjtlecg.PNG/Il-oHSrJ8-ls7aPX3fijdJZ96pvM.jpg
,link
0,http://shop1.phinf.naver.net/20220507_30/16518862075280DWxm_JPEG/53021990910991032_1181197413.jpg
,link
0,http://post.phinf.naver.net/MjAyMzEwMThfNjcg/MDAxNjk3NjE4ODY1MzI2.NXD2hlwEJ0jc0pmnw7EV3-Au0eNn_DR0f4hEuP_ZXGEg.bXlvZgOY7LSI2uMesohy67jIZMbmAVz3BAMVZZ4aYssg.PNG/IvupWVQ0kgLkdxAbfVyABUgEn_SA.jpg
,link
0,http://shop1.phinf.naver.net/20230829_268/1693294205368r5i1t_JPEG/zeGuP_121432_1.jpg
,link
0,http://shop1.phinf.naver.net/20230623_3/1687482695621uiNWN_JPEG/33842334398768671_1737642177.jpg
,link
0,http://shop1.phinf.naver.net/20231207_186/1701911790460wcQKU_JPEG/103047686143567408_1662062000.jpg
,link
0,http://shopping.phinf.naver.net/main_3978974/39789746204.20230504160051.jpg
,link
0,http://shop1.phinf.naver.net/20230427_190/1682589475813W9a9Q_JPEG/11308036576120744_1865032906.jpg
,link
0,https://image.idus.com/image/files/5a00ac0383044e68acd665a9582a47aa_720.png
,link
0,https://sitem.ssgcdn.com/04/56/89/item/1000385895604_i5_500.jpg
,link
0,http://shop1.phinf.naver.net/20230426_84/1682489900006cp26p_JPEG/7x1Gh_103825_8.jpg
,link
0,https://recipe1.ezmember.co.kr/cache/recipe/2022/01/31/726386d7b9bf2af4c734f75a27b20ab31_f.jpg
,link
0,http://shop1.phinf.naver.net/20240223_23/1708674930157kHzKx_JPEG/109810763971663694_2109475037.jpg
,link
0,http://shop1.phinf.naver.net/20220923_123/1663909592846lAJ49_JPEG/65045481526653880_255241133.jpg
,link
0,http://shop1.phinf.naver.net/20230125_86/1674626183742reThs_JPEG/75761967423615381_426561754.jpg
,link
0,https://cdn.011st.com/11dims/resize/600x600/quality/75/11src/product/2000359349/B.jpg?900000000
,link
0,http://shop1.phinf.naver.net/20231119_202/1700370276967sLfe4_PNG/33058364942085615_1468133937.png
,link
0,https://sitem.ssgcdn.com/89/03/83/item/1000023830389_i3_500.jpg
,link
0,http://shop1.phinf.naver.net/20230102_60/1672640011268vjeR2_JPEG/73775856968047256_1711866631.jpg
,link
0,http://shop1.phinf.naver.net/20230103_293/1672728066884aydwp_JPEG/73863955577502105_1427925156.jpg
,link
0,http://shop1.phinf.naver.net/20211215_266/1639529738420khTPH_JPEG/40665572243090141_2110342359.jpg
,link
0,https://cdn2.ppomppu.co.kr/zboard/data3/2024/0315/20240315000558_qq2QnzUDvd.png
,link
0,https://recipe1.ezmember.co.kr/cache/recipe/2023/01/10/4a3651b8ba731f21bd63f5c5cac3ccc51.jpg
,link
0,http://shop1.phinf.naver.net/20230223_285/1677128302743LSETW_JPEG/78264191435012044_67199039.JPG
,link
0,http://shop1.phinf.naver.net/20230223_285/1677128302743LSETW_JPEG/78264191435012044_67199039.JPG
,link
0,http://shop1.phinf.naver.net/20221123_269/1669212793738igWdN_PNG/70348636251991382_1794152866.png
,link
0,http://shop1.phinf.naver.net/20221123_269/1669212793738igWdN_PNG/70348636251991382_1794152866.png
,link
0,http://shop1.phinf.naver.net/20230913_202/1694568354876w2N6P_JPEG/458046684841813_841589007.jpg
,link
0,http://shop1.phinf.naver.net/20240201_199/17067655815794IATu_JPEG/107901409172655967_571044025.jpg
,link
0,http://post.phinf.naver.net/MjAyMzA5MThfMjY2/MDAxNjk1MDEwODg0MzU1.SrHZu1F52z0RPhfhOj7xZm6Dgy2u5SFDjU1EcrM0_vMg.M9RVsDva9cxDhMkEMJLbGiA7uDvG6M2QKehYCWgN5h0g.PNG/IuabKU3fdPx5Gi9ukUPN677YbFfg.jpg
,link
0,http://post.phinf.naver.net/MjAyMzA5MThfMjY2/MDAxNjk1MDEwODg0MzU1.SrHZu1F52z0RPhfhOj7xZm6Dgy2u5SFDjU1EcrM0_vMg.M9RVsDva9cxDhMkEMJLbGiA7uDvG6M2QKehYCWgN5h0g.PNG/IuabKU3fdPx5Gi9ukUPN677YbFfg.jpg
,link
0,http://shop1.phinf.naver.net/20230718_37/1689612809259uT80V_PNG/20805838225759469_988929641.png
,link
0,http://shop1.phinf.naver.net/20230718_37/1689612809259uT80V_PNG/20805838225759469_988929641.png
,link
0,https://cdn.011st.com/11dims/resize/600x600/quality/75/11src/product/3985984673/B.jpg?159000000
,link
0,https://sitem.ssgcdn.com/51/30/23/item/1000030233051_i1_1100.jpg
,link
0,http://shop1.phinf.naver.net/20230827_8/16931355738445jcLo_JPEG/11439005607460093_1355171137.jpg
,link
0,http://shop1.phinf.naver.net/20240129_85/17064976557018SXUT_JPEG/33800339562228359_1063772666.jpg
,link
0,http://post.phinf.naver.net/MjAyMzEwMTdfMjAw/MDAxNjk3NTIzNzAzNTY2.tjYhRkN5tXCBZQFPv_AFxzQus2mFXUrNUThalLQkOpUg.3vJbOoaPaZgT_w9PVNcpE4jyURyQ_zsLy8NDgjV7N9Mg.JPEG/IjnqGMB2k5A5_Eb6wU9nQJDw0gYw.jpg
,link
0,http://cfile211.uf.daum.net/image/206AEA194A7FD53D3C6BB1
,link
0,http://cfile211.uf.daum.net/image/206AEA194A7FD53D3C6BB1
,link
0,https://ldb-phinf.pstatic.net/20240222_114/17086107789912ao56_JPEG/KakaoTalk_20240222_230547378_05.jpg
,link
0,http://shop1.phinf.naver.net/20231115_91/1700015441720rPpp7_JPEG/11996344328944667_245934309.jpg
,link
0,http://shop1.phinf.naver.net/20230601_199/1685592703802cW7iA_JPEG/4857731656695997_1961337611.jpg
,link
0,https://www.diningcode.com/_next/image?url=https%3A%2F%2Fd12zq4w4guyljn.cloudfront.net%2F750_750_20221227124247_photo1_b57593d1e0db.jpg&w=1080&q=75
,link
0,http://shop1.phinf.naver.net/20230308_53/1678246212216aF3vE_JPEG/79382100910443352_475729280.jpg
,link
0,http://shop1.phinf.naver.net/20230308_53/1678246212216aF3vE_JPEG/79382100910443352_475729280.jpg
,link
0,http://shop1.phinf.naver.net/20230406_21/16807498522577lTuK_JPEG/81885740913988284_46138872.jpg
,link
0,http://shop1.phinf.naver.net/20230406_21/16807498522577lTuK_JPEG/81885740913988284_46138872.jpg
,link
0,http://shop1.phinf.naver.net/20231031_163/1698721259882IoSGU_JPEG/46569957793958789_1629310265.jpeg
,link
0,http://shop1.phinf.naver.net/20240114_48/1705235327895R5n6n_JPEG/106371111575522030_411491788.jpg
,link
0,http://shop1.phinf.naver.net/20230222_110/1677054054413idkIC_JPEG/78189882226206899_1962247087.jpg
,link
0,http://shop1.phinf.naver.net/20230222_110/1677054054413idkIC_JPEG/78189882226206899_1962247087.jpg
,link
0,https://sitem.ssgcdn.com/16/55/37/item/1000052375516_i4_500.jpg
,link
0,http://shop1.phinf.naver.net/20221206_47/16703141938797EEDO_JPEG/71450021699435068_710081888.JPG
,link
0,http://shop1.phinf.naver.net/20220123_289/16429282979866W0pR_JPEG/44064125809881311_1424881047.jpg
,link
0,http://shop1.phinf.naver.net/20220123_289/16429282979866W0pR_JPEG/44064125809881311_1424881047.jpg
,link
0,https://sitem.ssgcdn.com/53/80/50/item/2097001508053_i4_500.jpg
,link
0,https://ldb-phinf.pstatic.net/20240123_140/1705969934169OxbsS_JPEG/2024-01-23_09_29_31_IMG_9914.JPG
,link
0,http://shop1.phinf.naver.net/20230808_130/1691450532402fjGrK_JPEG/4695024195256622_1305687143.jpeg
,link
0,http://shop1.phinf.naver.net/20230808_130/1691450532402fjGrK_JPEG/4695024195256622_1305687143.jpeg
,link
0,http://shop1.phinf.naver.net/20240109_273/1704789548446FxCdg_JPEG/105925332157886644_508307504.jpg
,link
0,https://cdn.011st.com/11dims/resize/600x600/quality/75/11src/pd/v2/3/2/8/7/6/7/knBnI/6185328767_B.jpg
,link
0,http://post.phinf.naver.net/MjAyMzA4MDhfMjkw/MDAxNjkxNDcwOTkxOTk1.m0GykQg74AUqHCbSO3KibGDhYWRWpOkQAZDmN84V-98g.5uMNo-HZgF2rKrS8sQtg9kO_pYe2r5s32c-A-dKUuBsg.JPEG/IfcfWJeKg5Dm_n5LcyKxj4ZE2mao.jpg
,link
0,https://d2uja84sd90jmv.cloudfront.net/posts/ZIUFag2NOOs820wKc5IXMg/m.jpg
,link
0,https://ldb-phinf.pstatic.net/20231108_236/16994388659749Wyff_JPEG/%B6%B1%BA%BA%C0%CC.jpg
,link
0,https://ldb-phinf.pstatic.net/20231108_236/16994388659749Wyff_JPEG/%B6%B1%BA%BA%C0%CC.jpg
,link
0,https://www.dogdrip.net/dvs/d/24/01/25/4accf77ceead6f62917671ec0a64cd1a.jpg
,link
0,http://post.phinf.naver.net/MjAyMzExMDNfMjIg/MDAxNjk4OTg1NDU0MjU1.4x_J0jdBoJC7qoYy_mf5RKydKoKKh6PanrqA5XmlcLkg.4Al4wSUzNXvyvZuNZbPbW1ICgYUtP0uvSzbt636kzM0g.JPEG/IA5fn2qT9rPT53M2vogDN6Jjs9OI.jpg
,link
0,https://cdn.011st.com/11dims/resize/600x600/quality/75/11src/product/5485902608/B.jpg?560000000
,link
0,http://shop1.phinf.naver.net/20240224_148/1708742204707H6d56_JPEG/109878038513554824_646365492.jpg
,link
0,http://shop1.phinf.naver.net/20240224_148/1708742204707H6d56_JPEG/109878038513554824_646365492.jpg
,link
0,http://shop1.phinf.naver.net/20240217_270/1708161131749Oe7KF_JPEG/413941026719325_81819934.jpg
,link
0,http://shop1.phinf.naver.net/20240130_178/1706594726436DQ2F1_JPEG/107730625096480122_727287293.jpg
,link
0,http://shop1.phinf.naver.net/20240130_178/1706594726436DQ2F1_JPEG/107730625096480122_727287293.jpg
,link
0,http://shop1.phinf.naver.net/20240302_240/1709371037386MVJHa_JPEG/34571130090381931_722398194.jpg
,link
0,http://shop1.phinf.naver.net/20240219_271/1708326684659e2jIx_JPEG/59082014539587534_647916855.jpg
,link
0,http://shop1.phinf.naver.net/20200306_91/1583445773775UNsif_JPEG/20807316369881838_70547273.jpg
,link
0,http://shop1.phinf.naver.net/20200306_91/1583445773775UNsif_JPEG/20807316369881838_70547273.jpg
,link
0,https://ldb-phinf.pstatic.net/20231005_150/1696488817153gKBdq_JPEG/1000010584.jpg
,link
0,http://shop1.phinf.naver.net/20230616_276/1686881096114zTdvM_JPEG/10836920916523810_999266261.jpg
,link
0,https://ldb-phinf.pstatic.net/20240217_257/1708143714630p9RXx_JPEG/IMG_9531.jpeg
,link
0,http://shop1.phinf.naver.net/20200805_50/1596592682816GBcL3_JPEG/33955016413769140_421034086.jpg
,link
0,http://shop1.phinf.naver.net/20230622_247/1687438504762eHFKn_JPEG/33798143527827089_112774840.jpg
,link
0,https://ldb-phinf.pstatic.net/20240308_299/1709870007233vAzsd_JPEG/a1c31a32baf22c039fcae42347b8d6451966b637094b7f4d9d6ab871151c.jpg
,link
0,https://d12zq4w4guyljn.cloudfront.net/750_750_20211016052113_photo1_376ba920a933.jpg
,link
0,http://shop1.phinf.naver.net/20230904_206/1693835951331cBTgr_JPEG/5489273308289691_467006492.jpg
,link
0,http://shop1.phinf.naver.net/20230523_139/1684806882579ggfeH_JPEG/35158312754517169_1294336829.jpg
,link
0,http://shop1.phinf.naver.net/20220510_276/1652174941599aQuCh_JPEG/59639574692631783_700334264.jpg
,link
0,http://shop1.phinf.naver.net/20210927_32/1632727846815B0gJ2_JPEG/33863626537471734_1786780832.jpg
,link
0,https://ldb-phinf.pstatic.net/20230413_290/1681346015832MS8Tq_JPEG/dd6d59750eba03654e2e3f2c8616d041.jpg
,link
0,http://imgnews.naver.net/image/5301/2023/09/26/0000020802_001_20230926113401625.jpg
,link
0,http://imgnews.naver.net/image/5301/2023/09/26/0000020802_001_20230926113401625.jpg
,link
0,http://shop1.phinf.naver.net/20231201_52/1701414627851xGTJe_JPEG/16325919559163882_1336124041.jpg
,link
0,http://shop1.phinf.naver.net/20211207_157/1638840911705k3mKP_JPEG/39976746527211644_2074470213.jpg
,link
0,http://shop1.phinf.naver.net/20240117_140/1705489632818jKOPN_JPEG/106625521508393732_1011215584.jpg
,link
0,http://shop1.phinf.naver.net/20240117_140/1705489632818jKOPN_JPEG/106625521508393732_1011215584.jpg
,link
0,http://post.phinf.naver.net/MjAyMzA0MjVfNiAg/MDAxNjgyMzkxNTc4MTM3.bX_FyvxucXByzpKJSeBUVLfygOf6XdrTT_XsW3VTcXog.wQIszE4BvoUyGdRnn7eFCY3U00dNjOaCPtNyZO0pxx4g.JPEG/ILelTbhnfV4e0q2C62EsPDaxxNyA.jpg
,link
0,https://ldb-phinf.pstatic.net/20230930_130/1696034098543HqNfR_JPEG/Screenshot_20230930_093001_NAVER.jpg
,link
0,https://t1.daumcdn.net/cafeattach/1IHuH/0ac824d3d2a9b654829168b400f6f5982e83e757
,link
0,https://d2uja84sd90jmv.cloudfront.net/posts/49VK2bGnB0fcFI1ssU39fw/m.jpg
,link
0,https://d2uja84sd90jmv.cloudfront.net/posts/49VK2bGnB0fcFI1ssU39fw/m.jpg
,link
0,http://shop1.phinf.naver.net/20231128_150/1701139483829oXNfY_JPEG/3745964635517195_1501482203.JPG
,link
0,http://shop1.phinf.naver.net/20231122_62/1700642099399JpKjj_JPEG/14356231282918764_1226407913.jpg
,link
0,http://shop1.phinf.naver.net/20231122_62/1700642099399JpKjj_JPEG/14356231282918764_1226407913.jpg
,link
0,https://d12zq4w4guyljn.cloudfront.net/750_750_20231121114545_photo1_AHrerzb52XzP.jpg
,link
0,https://d12zq4w4guyljn.cloudfront.net/750_750_20231121114545_photo1_AHrerzb52XzP.jpg
,link
0,http://shop1.phinf.naver.net/20220418_16/1650268462311x56KM_JPEG/51404360907342314_1213164077.jpg
,link
0,http://imgnews.naver.net/image/5568/2024/01/12/0000080550_001_20240112200002325.jpg
,link
0,http://imgnews.naver.net/image/5568/2024/01/12/0000080550_001_20240112200002325.jpg
,link
0,http://shop1.phinf.naver.net/20240310_35/1710030452749IuB6h_JPEG/111166287575282290_237193579.jpg
,link
0,https://i.ytimg.com/vi/0wLzQ_2TIkY/hq720.jpg
,link
0,http://shop1.phinf.naver.net/20240228_163/1709087245503F5dXg_JPEG/7156660320525356_358538093.jpeg
,link
0,https://i3.ruliweb.com/img/23/04/21/187a1e59fff13d37.jpg
,link
0,https://ldb-phinf.pstatic.net/20240123_215/17059417879429aSI4_JPEG/1000001591.jpg
,link
0,https://ldb-phinf.pstatic.net/20240123_215/17059417879429aSI4_JPEG/1000001591.jpg
,link
0,https://cdn.011st.com/11dims/resize/600x600/quality/75/11src/pd/v2/3/5/7/2/4/1/Qbzhp/6400357241_B.jpg
,link
0,https://cdn.011st.com/11dims/resize/600x600/quality/75/11src/pd/v2/3/5/7/2/4/1/Qbzhp/6400357241_B.jpg
,link
0,http://shop1.phinf.naver.net/20231101_264/16988233861486xl8z_JPEG/3456627058827463_508360261.jpg
,link
0,https://cdn.011st.com/11dims/resize/600x600/quality/75/11src/product/5687751855/B.jpg?734000000
,link
0,http://shop1.phinf.naver.net/20231117_257/1700206852083BE1px_PNG/13571788871000492_1605411973.png
,link
0,http://shop1.phinf.naver.net/20231117_257/1700206852083BE1px_PNG/13571788871000492_1605411973.png
,link
0,https://image.idus.com/image/files/481e6d3dbc1d4c809bbd1532b91e1574_720.jpg
,link
0,https://image.idus.com/image/files/481e6d3dbc1d4c809bbd1532b91e1574_720.jpg
,link
0,http://shop1.phinf.naver.net/20240119_128/1705630249685nOJDv_PNG/106766083485510702_1139828148.png
,link
0,http://shop1.phinf.naver.net/20240119_128/1705630249685nOJDv_PNG/106766083485510702_1139828148.png
,link
0,http://shop1.phinf.naver.net/20210422_282/1619065245073AbrU1_JPEG/20201140754916019_542199673.jpg
,link
0,http://file3.instiz.net/data/cached_img/upload/2024/01/12/18/1b908e3656dad14c9125f12aee723a34.jpg
,link
0,http://file3.instiz.net/data/cached_img/upload/2024/01/12/18/1b908e3656dad14c9125f12aee723a34.jpg
,link
0,https://d2uja84sd90jmv.cloudfront.net/posts/giSi-SxG26Z2Ahh6vFpC_Q/m.jpg
,link
0,http://shop1.phinf.naver.net/20231120_33/1700451002641pyFFN_JPEG/12133081854272776_1223617566.jpg
,link
0,https://cdn-square.bizhost.kr/files/goods/2074706/1653979606_1.jpg
,link
0,http://post.phinf.naver.net/MjAyNDAxMThfMTc4/MDAxNzA1NTY1MzYxNzc5.lZo0zkivgVAHHwtIlnuLNVjcGMPlf8ST378lp2cC-ZMg.k5hhJoKZcZEW18xdJEXiHYlTRLr4dp6fHnc8p16neF4g.PNG/IP-h32AGsw2UowaCMK2x7RWvEPw0.jpg
,link
0,http://shop1.phinf.naver.net/20231124_47/1700814127644UpI8S_JPEG/vrg57_129237_1.jpg
,link
0,http://shop1.phinf.naver.net/20231124_47/1700814127644UpI8S_JPEG/vrg57_129237_1.jpg
,link
0,https://sitem.ssgcdn.com/61/83/84/item/1000401848361_i4_500.jpg
,link
0,http://imgnews.naver.net/image/5310/2023/07/17/0000039705_001_20230717091601667.jpg
,link
0,http://shop1.phinf.naver.net/20220407_241/16492957438706MCdR_JPEG/56760268673315117_1416969191.jpg
,link
0,http://shop1.phinf.naver.net/20230608_61/1686208805625b83ja_JPEG/90514531859248_1718515128.jpg
,link
0,http://shop1.phinf.naver.net/20240229_235/1709193149764U4tyz_JPEG/110328984570888391_1045783692.jpg
,link
0,http://shop1.phinf.naver.net/20190522_208/somssi05_1558489824810mjEUc_JPEG/41121004438993795_389175467.jpg
,link
0,http://shop1.phinf.naver.net/20190522_208/somssi05_1558489824810mjEUc_JPEG/41121004438993795_389175467.jpg
,link
0,https://ldb-phinf.pstatic.net/20231115_47/1700022033210kcIhC_JPEG/KakaoTalk_Photo_2023-11-15-13-20-20_002.jpeg
,link
0,http://shop1.phinf.naver.net/20231116_264/1700132086422gK7PP_JPEG/13846218306706857_140638560.jpg
,link
0,https://ldb-phinf.pstatic.net/20240124_296/170607958297756dSj_JPEG/1000002534.jpg
,link
0,http://shop1.phinf.naver.net/20221214_51/1670996998449gqpeK_JPEG/72132826266414713_1455396173.jpg
,link
0,http://post.phinf.naver.net/MjAyMzA1MDNfMTI3/MDAxNjgzMDgwNzgwMzM4.7GuVhXyWmulIKjdfjMYdxRLvSznVPTYfSaeiwlpCt6wg.GgscqkwoeWfDKgQn8C4tnLOaNQpCuepN2mZ_-myJqAIg.JPEG/IqxyvU0FblBfV0ZiDLfrnyR4uudc.jpg
,link
0,http://imgnews.naver.net/image/008/2023/09/21/0004941059_001_20230921064701377.jpg
,link
0,https://cdn2.ppomppu.co.kr/zboard/data3/2024/0218/20240218105551_y9S6ZXmcPc.jpg
,link
0,https://cdn.011st.com/11dims/resize/600x600/quality/75/11src/pd/v2/9/5/4/6/2/6/hmqMx/5939954626_B.jpg
,link
0,http://shop1.phinf.naver.net/20230130_87/1675039234315UCMEP_JPEG/76175130026770181_1902413004.jpg
,link
0,https://ldb-phinf.pstatic.net/20240303_194/1709426912969gjnQw_JPEG/20180124_003716.jpg
,link
0,http://shop1.phinf.naver.net/20230822_98/1692679212109JPOIy_PNG/6528465913778163_442721554.png
,link
0,https://t1.daumcdn.net/cafeattach/1IHuH/81d0366e2ae4da4ddaed9c77e04191f4b58531fb
,link
0,https://img.theqoo.net/img/HezVD.jpg
,link
0,http://shop1.phinf.naver.net/20201208_70/1607434451142KOpfm_JPEG/8570285967174197_692893130.jpg
,link
0,http://imgnews.naver.net/image/5353/2023/11/29/0000918535_001_20231129183601738.jpg
,link
0,https://img1.daumcdn.net/thumb/R1280x0/?fname=http://t1.daumcdn.net/brunch/service/guest/image/CZiG6zQBZ4lt6awbJnAWD4AQaE4.jpg
,link
0,https://cdn.011st.com/11dims/resize/600x600/quality/75/11src/product/5479719613/B.jpg?536000000
,link
0,https://prs.ohou.se/apne2/any/uploads/productions/v1-200221021503552.jpg?gif=1&w=720&h=480&c=c
,link
0,http://imgnews.naver.net/image/5304/2024/01/14/0000015564_001_20240114203603375.png
,link
0,https://img1.daumcdn.net/thumb/R1280x0.fjpg/?fname=http://t1.daumcdn.net/brunch/service/user/cr9J/image/1PL2ITN-sKL0edX1LtKdBPtzJQE.JPG
,link
0,http://shop1.phinf.naver.net/20240304_124/1709515366061ai42U_JPEG/110651254766584489_290925383.jpg
,link
0,https://image.idus.com/image/files/662b67f0148542119d481179868d32cf_720.jpg
,link
0,http://imgnews.naver.net/image/5630/2023/11/06/0000061893_001_20231106081804551.jpg
,link
0,http://shop1.phinf.naver.net/20230822_127/1692693311445Nx3yW_PNG/26552703162857560_662523666.png
,link
0,http://shop1.phinf.naver.net/20211022_159/1634886274375rkpcT_JPEG/36022162876467644_882066463.JPG
,link
0,https://img.siksinhot.com/place/1625125855344095.jpg?c=Y
,link
0,https://dnvefa72aowie.cloudfront.net/businessPlatform/bizPlatform/profile/center_biz_2967795/1709550081694/c2b8c5318246f2a016027ee5d230ab806b5beb93dcf5760e80d2326bcf751035.jpeg?q=95&s=1440x1440&t=inside
,link
0,http://shop1.phinf.naver.net/20221002_246/1664711030928UvSro_JPEG/65846926636690043_858758044.jpeg
,link
0,http://img1.daumcdn.net/kakaotv/KAKAOACCOUNT/1371127122/thumb/20200312080738
,link
0,https://t1.daumcdn.net/thumb/R1280x0/?fname=http://t1.daumcdn.net/brunch/service/user/55oP/image/Kz73lpNFDkVtGGGsaxY-OZ702b8.jpg
,link
0,http://shop1.phinf.naver.net/20220207_173/16442323948874RecA_JPEG/45368228668058804_857975421.jpg
,link
0,http://shop1.phinf.naver.net/20210709_267/16258041780929fKAV_JPEG/26939957733958852_2075264123.jpg
,link
0,https://ldb-phinf.pstatic.net/20230908_19/16941829292553eDY7_JPEG/KakaoTalk_20230908_232143977.jpg
,link
0,http://img1.daumcdn.net/kakaotv/KAKAOACCOUNT/2041058394/thumb/20220114113501
,link
0,http://post.phinf.naver.net/MjAyMzA4MjhfMTY4/MDAxNjkzMjAwMTI1OTE2.IHoO4n7H17p4IEBCBfae7hysNnhqmhIfGQSSMRhG4C8g.Oh-YjgbAlbNnbLaBx5180aYvg2SM_gha2p3vf2DpFLkg.JPEG/IXHxWfBTJSDeL5rH6Q1IwgPcxs1E.jpg
,link
0,https://recipe1.ezmember.co.kr/cache/recipe/2023/06/29/8cf1058594fec2c7b86ed4d0381ac5ec1.jpg
,link
0,https://timg.humoruniv.com/thumb_crop_resize.php?url=http://down.humoruniv.com/hwiparambbs/data/pick/a_w5b6ba6001_ef5f8f580524c99372fbee6114b50a36e5e59999.png?SIZE=800x1406
,link
0,https://cdn.011st.com/11dims/resize/600x600/quality/75/11src/pd/v2/3/5/7/1/9/8/oRhuR/6400357198_B.jpg
,link
0,https://d2uja84sd90jmv.cloudfront.net/posts/HK39Wl3T6GkAyAughQAlDg/m.jpg
,link
0,https://image.ytn.co.kr/general/jpg/2022/0719/202207191413054021_t.jpg
,link
0,http://post.phinf.naver.net/MjAyMzA3MTlfMTI5/MDAxNjg5NzQ4OTg0MjY5.H7mImW4To-e7_LcMxt8vs1hA9qaMp6XeD_rqyPhxsbsg.MjO8Wf_C4joOMqVrsw6A62wDJ-J_indhV4BjJVJmmUMg.JPEG/IevoGLoGLDxyY8C0uvfns2zRNxg8.jpg
,link
0,https://d2u3dcdbebyaiu.cloudfront.net/uploads/atch_img/292/d107a309f8fd8acc97e718e788cb4c17_res.jpeg
,link
0,http://imgnews.naver.net/image/5691/2023/12/08/0000008330_019_20231208134203345.jpg
