,title,originallink,link,description,pubDate
0,2024 젊은안무자창작공연 4월 24일 개최,https://www.munhwa.com/news/view.html?no=2024032901039912310001,https://n.news.naver.com/mnews/article/021/0002629336?sid=103,대한무용협회(이사장:조남규 <b>상명대</b>학교 교수)는 오는 4월 24일부터 5월 1일까지 대학로예술극장 소극장에서 ‘2024 젊은안무창작공연’을 개최한다고 29일 밝혔다. 젊은안무자창작공연은 초연 작품을 조건으로 만... ,"Fri, 29 Mar 2024 12:13:00 +0900"
,title,originallink,link,description,pubDate
0,"<b>상명대</b> 기장서 교수 연구팀, 해양 마비성 패류독소 알렉산드리움 검출 신기술...",https://www.munhwa.com/news/view.html?no=2024032901039936156001,https://n.news.naver.com/mnews/article/021/0002629335?sid=102,<b>상명대</b>는 생명과학과 기장서 교수 연구팀(김한솔 박사·김태희 연구원)이 최근 독성 와편모조류 알렉산드리움을 신속 정확하게 검출할 수 있는 분자탐침 및 검출기법을 개발하여 국제 학술지인 ‘Harmful Algae’에... ,"Fri, 29 Mar 2024 12:04:00 +0900"
,title,originallink,link,description,pubDate
0,"<b>상명대</b> 기장서 교수팀, 해양 마비성 패류독소 알렉산드리움 검출 신기술 개발",https://news.unn.net/news/articleView.html?idxno=561318,https://news.unn.net/news/articleView.html?idxno=561318,<b>상명대</b> 생명과학과 기장서 교수 연구팀은 김한솔 박사와 김태희 연구원 주도로 최근 독성 와편모조류 알렉산드리움을 신속‧정확하게 검출할 수 있는 분자탐침 및 검출기법을 개발해 국제학술지인 〈Harmful Algae〉... ,"Fri, 29 Mar 2024 11:50:00 +0900"
,title,originallink,link,description,pubDate
0,"<b>상명대</b>, ‘천원의 아침밥’ 더해 ‘무료 아침밥’ 쏜다",https://www.ekn.kr/web/view.php?key=20240329022445216,https://www.ekn.kr/web/view.php?key=20240329022445216,<b>상명대</b>학교가 학생들의 식비부담을 덜어주고 아침밥 먹는 문화를 조성하기 위해 '천원의 아침밥' 사업에 더해 '무료 아침밥' 제공에 나섰다. <b>상명대</b>는 서울캠퍼스와 천안캠퍼스에서 동시에 진행되고 있는 '천원의... ,"Fri, 29 Mar 2024 11:32:00 +0900"
,title,originallink,link,description,pubDate
0,"<b>상명대</b> 기장서 교수 연구팀, 해양 마비성 패류독소 검출 신기술 개발",http://www.m-i.kr/news/articleView.html?idxno=1106443,http://www.m-i.kr/news/articleView.html?idxno=1106443,최근 해양 마비성 패류독소 검출 신기술 개발해 국제학술지에 보고한 <b>상명대</b> 소속 김한솔 박사(맨 왼쪽)·김태희 연구원(가운데)·기장서 교수. 사진=<b>상명대</b>학교 제공 매일일보 = 안광석 기자  |  <b>상명대</b>학교는 기장서... ,"Fri, 29 Mar 2024 11:10:00 +0900"
,title,originallink,link,description,pubDate
0,"<b>상명대</b> 기장서 교수팀, 해양 마비성 패류독소 알렉산드리움(Alexandrim) 검출...",http://www.enewstoday.co.kr/news/articleView.html?idxno=2108155,http://www.enewstoday.co.kr/news/articleView.html?idxno=2108155,<b>상명대</b> 생명과학과 기장서 교수 연구팀은 김한솔 박사와 김태희 연구원 주도로 최근 독성 와편모조류 알렉산드리움을 신속‧정확하게 검출할 수 있는 분자탐침 및 검출기법을 개발해 국제학술지인 Harmful Algae(2024년... ,"Fri, 29 Mar 2024 10:55:00 +0900"
,title,originallink,link,description,pubDate
0,2024년 AI는 어떻게 변화하고 활용할까,https://www.smartfn.co.kr/article/view/sfn202403290030,https://www.smartfn.co.kr/article/view/sfn202403290030,박성준 <b>상명대</b>학교 교수는 ‘생성형 AI 기술 기반의 서비스 &amp; 비즈니스 트렌드’에 대해 설명한다. 최근 생성형AI의 트렌드와 구체적인 예시를 통해 어떤 서비스들이 등장하고 활용되는지에 대해 인사이트를 얻을 수... ,"Fri, 29 Mar 2024 10:52:00 +0900"
,title,originallink,link,description,pubDate
0,"<b>상명대</b> 한국언어문화전공, 해외 5개 대학과 언어문화교류 활발",https://www.joongdo.co.kr/web/view.php?key=20240329010009430,https://www.joongdo.co.kr/web/view.php?key=20240329010009430,다이남<b>대학교</b>로 총 64명의 학생이 참여하고 있다. 참<b>여대</b>학의 확대는 2023년 <b>상명대</b> 한국언어문화전공 이희영 교수와 백석예술<b>대학교</b> 소속 한정희 교수가 공동으로 중앙 유라시아 한국학 국제학술대회에서 '대학 간 국제... ,"Fri, 29 Mar 2024 10:42:00 +0900"
,title,originallink,link,description,pubDate
0,"<b>상명대</b> 기장서 교수 연구팀, 해양 마비성 패류독소 '알렉산드리움' 검출 신기...",http://www.popcornnews.net/news/articleView.html?idxno=56123,http://www.popcornnews.net/news/articleView.html?idxno=56123,<b>상명대</b>는 생명과학과 기장서 교수 연구팀이 김한솔 박사와 김태희 연구원 주도로 최근 독성 와편모조류 알렉산드리움을 신속‧정확하게 검출할 수 있는 분자탐침 및 검출기법을 개발해 국제학술지인 Harmful Algae... ,"Fri, 29 Mar 2024 10:28:00 +0900"
,title,originallink,link,description,pubDate
0,"&quot;변화하는 입시 환경, 학습 전략 세우고 상황 대처 능력 키워야&quot;",http://www.mygoyang.com/news/articleView.html?idxno=78583,http://www.mygoyang.com/news/articleView.html?idxno=78583,"연세대, 고려대, 성균관대 등 전 교과를 요구하는 대학이 있는가 하면 한양대, 중앙대, 건국대, 이화<b>여대</b> 등... 올해는 고려대, <b>상명대</b>, 신한대, 을지대가 논술을 신설해 41개 대학에서 논술 전형을 시행한다. 넷째... ","Fri, 29 Mar 2024 09:50:00 +0900"
,title,originallink,link,description,pubDate
0,"<b>상명대</b> 생명공학전공 기장서 교수 연구팀, 해양 마비성 패류독소 알렉산드리움...",http://www.veritas-a.com/news/articleView.html?idxno=498760,http://www.veritas-a.com/news/articleView.html?idxno=498760,<b>상명대</b> 생명과학과 기장서 교수 연구팀은 김한솔 박사와 김태희 연구원 주도로 최근 독성 와편모조류... <b>상명대</b> 생명과학과 기장서 교수 연구팀은 김한솔 박사와 김태희 연구원 주도로 최근 독성 와편모조류... ,"Fri, 29 Mar 2024 09:38:00 +0900"
,title,originallink,link,description,pubDate
0,"기장서 <b>상명대</b> 생명공학전공 교수 연구팀, 해양 마비성 패류독소 알렉산드리움...",https://www.dailysmart.co.kr/news/articleView.html?idxno=85179,https://www.dailysmart.co.kr/news/articleView.html?idxno=85179,"기장서(오른쪽) <b>상명대</b>학교 생명과학과 교수, 김한솔 박사, 김태희 연구원. 사진=<b>상명대</b>.  기장서 <b>상명대</b>학교 생명과학과 교수 연구팀이 김한솔 박사와 김태희 연구원 주도로 최근 독성 와편모조류 알렉산드리움을... ","Fri, 29 Mar 2024 09:38:00 +0900"
,title,originallink,link,description,pubDate
0,연내 만기 카드채 규모만 22조원…금리변동에 카드사 이자 부담 ‘천정부지’,https://www.ceoscoredaily.com/page/view/2024032812504347038,https://www.ceoscoredaily.com/page/view/2024032812504347038,"한국신용카드학회 학회장 서지용 <b>상명대</b>학교 경영학부 교수는 “만기 도래하는 채권에 대해 실질적으로 차환 발행을 해야 하는데, 카드사들은 이전에 발행했던 금리보다 높은 수준의 금리로 차환 발행을 하게... ","Fri, 29 Mar 2024 07:02:00 +0900"
,title,originallink,link,description,pubDate
0,시중은행 손 잡고 판 키우는 삼성금융…쏠림 우려도,http://www.kukinews.com/newsView/kuk202403280231,http://www.kukinews.com/newsView/kuk202403280231,서지용 <b>상명대</b> 경영학부 교수는 “마이데이터 사업 본래 취지는 인허가 받은 모든 사업자 간에 정보 교류를 원활하게 하기 위한 것”이라며 “하지만 삼성금융네트웍스가 은행과 손을 잡고 판을 키우게 되면 장기적인... ,"Fri, 29 Mar 2024 06:40:00 +0900"
,title,originallink,link,description,pubDate
0,이마트 위기…산지 영향 ‘촉각’,https://www.nongmin.com/article/20240327500736,https://n.news.naver.com/mnews/article/662/0000040324?sid=101,양석준 <b>상명대</b>학교 경영학부 교수는 “공산품과 견줘 농산물 유통의 온라인 전환은 속도가 매우 느리다”면서 “온라인 전환이 도매시장뿐 아니라 소매시장까지 확장할 수 있도록 정부의 적극적인 투자가 필요하다”... ,"Fri, 29 Mar 2024 05:02:00 +0900"
,title,originallink,link,description,pubDate
0,"<b>상명대</b>, 해외 5개 대학과 언어문화교류 활발",https://www.newscj.com/news/articleView.html?idxno=3123690,https://www.newscj.com/news/articleView.html?idxno=3123690,<b>상명대</b>학교(총장 홍성태) 한국언어문화전공은 2022년부터 해외 대학 한국어 및 한국학 전공 학생들과... 특히 지난해 참여한 파키스탄국립외국어대 한국어 및 한국문화학과 소속 슈마일 파티마 학생은 <b>상명대</b>와의... ,"Thu, 28 Mar 2024 22:50:00 +0900"
,title,originallink,link,description,pubDate
0,해외 5개 대학 64명 학생과 한국어로 소통,https://www.pressian.com/pages/articles/2024032814530505176?utm_source=naver&utm_medium=search,https://n.news.naver.com/mnews/article/002/0002325491?sid=102,다이남<b>대학교</b> 학생 64명이 참여하고 있다. 참<b>여대</b>학의 확대는 지난해 이희영 <b>상명대</b> 한국언어문화전공 교수와 한정희 백석예술<b>대학교</b> 교수가 공동으로 중앙유라시아 한국학 국제학술대회에서 ‘대학 간 국제 온라인... ,"Thu, 28 Mar 2024 20:02:00 +0900"
,title,originallink,link,description,pubDate
0,"<b>상명대</b> 한국언어문화전공, 해외 5개 대학과 언어문화교류 활발",https://www.ccdn.co.kr/news/articleView.html?idxno=967972,https://www.ccdn.co.kr/news/articleView.html?idxno=967972,"다이남<b>대학교</b>로 총 64명의 학생이 참여하고 있다. 참<b>여대</b>학의 확대는, 지난해 <b>상명대</b> 한국언어문화전공 이희영 교수와 백석예술<b>대학교</b> 소속 한정희 교수가 공동으로 중앙 유라시아 한국학 국제학술대회에서 &quot;대학 간 국제... ","Thu, 28 Mar 2024 19:13:00 +0900"
,title,originallink,link,description,pubDate
0,"<b>상명대</b>, 해외 대학들과 언어문화교류 선도",http://www.ccnnews.co.kr/news/articleView.html?idxno=330054,http://www.ccnnews.co.kr/news/articleView.html?idxno=330054,<b>상명대</b>학교 한국언어문화전공이 2022년부터 해외 대학 한국어·한국학 전공 학생들과 국제언어문화교류를... 참<b>여대</b>학은 ▲파키스탄 국립외국어대 ▲튀르키예 국립이스탄불대 ▲아제르바이잔 국립언어<b>대학교</b>... ,"Thu, 28 Mar 2024 18:48:00 +0900"
,title,originallink,link,description,pubDate
0,"카카오게임즈, '중국통' 한상우 신임대표 사내이사 선임",http://www.4th.kr/news/articleView.html?idxno=2059824,http://www.4th.kr/news/articleView.html?idxno=2059824,"오명전 숙명<b>여대</b> 경영학부 교수, 최영근 <b>상명대</b>학교 경영학부 교수, 정선열 법무법인 유한 지평변호사, 임승연 국민<b>대학교</b> 재무금융 회계학부 교수는 사외이사에 재선임됐다. 정선열. 오명전, 임승연 사외이사는... ","Thu, 28 Mar 2024 18:08:00 +0900"
,title,originallink,link,description,pubDate
0,<b>상명대</b> 한국언어문화전공 해외 5개 대학과 언어문화교류 확대,http://www.veritas-a.com/news/articleView.html?idxno=498672,http://www.veritas-a.com/news/articleView.html?idxno=498672,다이남<b>대학교</b>로 총 64명의 학생이 참여하고 있다. 참<b>여대</b>학의 확대는 지난해 <b>상명대</b> 한국언어문화전공 이희영 교수와 백석예대 소속 한정희 교수가 공동으로 중앙 유라시아 한국학 국제학술대회에서 &quot;대학 간 국제... ,"Thu, 28 Mar 2024 18:02:00 +0900"
,title,originallink,link,description,pubDate
0,"태영건설, 워크아웃 '첩첩산중'…주총 후 과제 산적",http://news.tf.co.kr/read/economy/2086704.htm,https://n.news.naver.com/mnews/article/629/0000277124?sid=101,"박종민 법무법인 율촌 고문을 감사위원회 위원 사외이사로, 양세정 <b>상명대</b> 경제금융학부 교수를 감사위원으로 영입했다. 올해 실적 악화로 배당을 하지 않는다고 밝혔으나 주주들의 반발은 없었다. 이와 함께 주주들은... ","Thu, 28 Mar 2024 17:29:00 +0900"
,title,originallink,link,description,pubDate
0,"<b>상명대</b>학교, 국제언어문화교류로 한국 문화 확산에 기여",https://view.asiae.co.kr/article/2024032815562283413,https://n.news.naver.com/mnews/article/277/0005398713?sid=102,"<b>상명대</b>학교 한국언어문화전공이 2022년부터 해외 대학 한국어 및 한국학 전공 학생들과 국제언어문화교류를... 이번 국제언어문화교류에 참여하는 대학은 파키스탄 국립외국어<b>대학교</b>, 튀르키예 국립이스탄불<b>대학교</b>... ","Thu, 28 Mar 2024 16:18:00 +0900"
,title,originallink,link,description,pubDate
0,봄날 맞이한 ‘반려식물’ 생명으로 가득,http://www.jnilbo.com/73162952603,http://www.jnilbo.com/73162952603,권 작가는 전남<b>대학교</b> 예술대학 미술학과 한국화 전공을 졸업하고 동 대학원에서 석사를 수료했다. 개인전을... 정 작가는 <b>상명대</b>학교 서양화 전공을 졸업했다. 10회의 개인전과 다수의 단체전에서 자연을 관찰하고 탐구한... ,"Thu, 28 Mar 2024 15:51:00 +0900"
,title,originallink,link,description,pubDate
0,"<b>상명대</b> 한국언어문화전공, 해외 5개 대학과 언어문화교류 활발",https://www.ggilbo.com/news/articleView.html?idxno=1022078,https://www.ggilbo.com/news/articleView.html?idxno=1022078,다이남<b>대학교</b>로 총 64명의 학생이 참여하고 있다. 참<b>여대</b>학의 확대는 지난해 <b>상명대</b> 한국언어문화전공 이희영 교수와 백석예술<b>대학교</b> 소속 한정희 교수가 공동으로 중앙 유라시아 한국학 국제학술대회에서 '대학 간 국제... ,"Thu, 28 Mar 2024 15:26:00 +0900"
,title,originallink,link,description,pubDate
0,"<b>상명대</b>, 해외 5개 대학과 국제언어문화교류 활발",https://www.yna.co.kr/view/AKR20240328115400063?input=1195m,https://n.news.naver.com/mnews/article/001/0014595737?sid=102,<b>상명대</b>는 2022년 이후 올해까지 매 학기 해외 대학 한국어 및 한국학 전공 학생들과 온라인으로... 이번 국제언어문화교류는 해외 대학 학생들과 <b>상명대</b> 한국언어문화전공 및 글로벌지역학부 학생들이 팀을 이뤄 오는... ,"Thu, 28 Mar 2024 15:03:00 +0900"
,title,originallink,link,description,pubDate
0,"<b>상명대</b> 한국언어문화전공, 해외 5개 대학과 언어문화교류 활발",http://www.dtnews24.com/news/articleView.html?idxno=769106,http://www.dtnews24.com/news/articleView.html?idxno=769106,"다이남<b>대학교</b>로 총 64명의 학생이 참여하고 있다. 참<b>여대</b>학의 확대는, 지난해 <b>상명대</b> 한국언어문화전공 이희영 교수와 백석예술<b>대학교</b> 소속 한정희 교수가 공동으로 중앙 유라시아 한국학 국제학술대회에서 &quot;대학 간 국제... ","Thu, 28 Mar 2024 14:50:00 +0900"
,title,originallink,link,description,pubDate
0,韓 금융의 글로벌 진출 과제와 방향은?…EBN 제2회 금융포럼 개최,https://www.ebn.co.kr/news/view/1617574/?sc=Naver,https://www.ebn.co.kr/news/view/1617574/?sc=Naver,이날 포럼에서 이충열 고려<b>대학교</b> 세종캠퍼스 경제통계학부 교수가 ‘한국 금융회사의 해외진출 현황과... 서지용 <b>상명대</b>학교 교수는 ‘여신업계 해외 성공 사례’를 중심으로 주제발표에 나섰다. 서 교수는... ,"Thu, 28 Mar 2024 14:50:00 +0900"
,title,originallink,link,description,pubDate
0,"<b>상명대</b> 한국언어문화전공, 해외 5개 대학과 언어문화교류 활발",http://www.chungnamilbo.co.kr/news/articleView.html?idxno=763844,http://www.chungnamilbo.co.kr/news/articleView.html?idxno=763844,"다이남<b>대학교</b>로 총 64명의 학생이 참여하고 있다. 참<b>여대</b>학의 확대는, 지난해 <b>상명대</b> 한국언어문화전공 이희영 교수와 백석예술<b>대학교</b> 소속 한정희 교수가 공동으로 중앙 유라시아 한국학 국제학술대회에서 &quot;대학 간... ","Thu, 28 Mar 2024 14:48:00 +0900"
,title,originallink,link,description,pubDate
0,삼성 반도체 보조금 발표 임박한 美…세액 공제에 그친 韓,http://www.newsworks.co.kr/news/articleView.html?idxno=748121,http://www.newsworks.co.kr/news/articleView.html?idxno=748121,"이종환 <b>상명대</b> 시스템반도체공학과 교수는 &quot;미국이 삼성전자에 추가 투자를 요구할 것이라는 예상이 나오고 있는데, 삼성전자는 유리한 방향을 선택하면 된다&quot;며 &quot;삼성전자에게 미국은 매력적인 시장이다. 현지에... ","Thu, 28 Mar 2024 14:40:00 +0900"
,title,originallink,link,description,pubDate
0,해외심사위원 위촉으로 해외시장 진출까지 돕는다...2024젊은안무자창작공연,https://www.joongang.co.kr/article/25238620,https://n.news.naver.com/mnews/article/353/0000047578?sid=102,"사단법인 대한무용협회(이사장 조남규 <b>상명대</b>학교 교수)가 주최하는 2024젊은안무자창작공연이 4월 24일(수), 4월 26일(금), 4월 28일(일), 5월 1일(수)에 걸쳐 대학로예술극장 소극장에서 열린다. 젊은안무자창작공연은... ","Thu, 28 Mar 2024 14:34:00 +0900"
,title,originallink,link,description,pubDate
0,"[주총현장] '거래 정지' 태영건설, 최금락·최진국 각자 대표이사 선임",http://www.dailyimpact.co.kr/news/articleView.html?idxno=113781,http://www.dailyimpact.co.kr/news/articleView.html?idxno=113781,감사위원에는 양세정 <b>상명대</b> 경제금융학부 교수를 선임했다. 정관상 발행 주식 총수를 기존 2억5760만주에서 60억주로 확대하는 안건도 통과됐다. 이에 대해 업계에서는 유상증자를 염두에 둔 것으로 보고 있다. 이외에도... ,"Thu, 28 Mar 2024 14:18:00 +0900"
,title,originallink,link,description,pubDate
0,"AI 소비자화 시대, 미래지향적 클라우드 전략 세워야 (종합)[AI&amp;CLOUD 2024]",https://it.chosun.com/news/articleView.html?idxno=2023092112616,https://it.chosun.com/news/articleView.html?idxno=2023092112616,"오후 마지막 세션으로 진행된 패널토의에서 서광규 <b>상명대</b> 교수는 &quot;AI는 파괴적 기술 중 하나로 규제와... 윤종영 국민<b>대학교</b> 소프트웨어융합<b>대학교</b> 교수가 좌장을 맡고 패널로 김우성 한국딜로이트 그룹 전무, 임현주... ","Thu, 28 Mar 2024 13:42:00 +0900"
,title,originallink,link,description,pubDate
0,"[펜앤 인터뷰] 정혁진 &quot;말로는 개혁,뚜껑 열어보니 '50억 클럽당'...조국혁신...",http://www.pennmike.com/news/articleView.html?idxno=78670,http://www.pennmike.com/news/articleView.html?idxno=78670,"그에 따르면 ▲1번 박은정(검사출신 변호사) ▲2번 조국(교수) ▲3번 이해민(구글 시니어 매니저), 남편은 <b>상명대</b> 교수 ▲4번 신장식(변호사) ▲5번 김선민(의사) ▲6번 김준형(교수, 국립외교원장 맡음) ▲8번 황운하... ","Thu, 28 Mar 2024 13:18:00 +0900"
,title,originallink,link,description,pubDate
0,‘워크아웃’ 태영건설 주총...“빠른 시일 내 경영 정상화” 약속,https://cwn.kr/article/1065585311199742,https://cwn.kr/article/1065585311199742,또 감사위원에는 양세정 <b>상명대</b> 경제금융학부 교수를 영입했다. 대표이사 선임과 감사위원 선임 외에도 이날 주주총회에선 △재무제표 및 연결재무제표 승인의 건 △ 정관 일부 변경의 건 △이사 보수 한도 승인의 건... ,"Thu, 28 Mar 2024 13:12:00 +0900"
,title,originallink,link,description,pubDate
0,[르포] 버스노조 총파업에 시민 불편 호소 &quot;택시도 안잡혀 걸어가&quot;,http://www.m-i.kr/news/articleView.html?idxno=1106063,http://www.m-i.kr/news/articleView.html?idxno=1106063,<b>상명대</b> 대학원생 한모씨(29세‧남)는 &quot;학교가 역세권이 아니라 버스를 타야 하는데 시내 버스 운행이 중단되면서 경복궁역에서부터 걸어가야 할 판&quot;이라며 &quot;택시도 안잡혀 학교까지 40분에서 한시간정도 걸릴텐데 비까지... ,"Thu, 28 Mar 2024 12:02:00 +0900"
,title,originallink,link,description,pubDate
0,"'워크아웃' 태영건설, 정기주총 개최…&quot;의안 이견없이 승인&quot;",http://news.tf.co.kr/read/economy/2086577.htm,https://n.news.naver.com/mnews/article/629/0000276931?sid=101,"최진국 사장은 1957년생으로 서울과학기술<b>대학교</b>와 연세대 대학원을 졸업하고 1982년 태영건설에 입사, 2005년... 또 감사위원에는 양세정 <b>상명대</b> 경제금융학부 교수를 영입했다. 대표이사 선임과 감사위원 선임 외에도... ","Thu, 28 Mar 2024 11:18:00 +0900"
,title,originallink,link,description,pubDate
0,"죽음에 대한 성찰, 어떻게 죽음을 이해할 것인가?",http://www.breaknews.com/1023622,http://www.breaknews.com/1023622,"경희대, 경기대, 명지대, <b>상명대</b>, 강남대, 홍익대 등에서 강의를 했다. 현재는 가천대에서 강의를 하고 있다. 주요 관심사는 독일 관념론, 독일 초기 낭만주의, 프랑스 현상학... ","Thu, 28 Mar 2024 10:52:00 +0900"
,title,originallink,link,description,pubDate
0,[JOA의 핫피플 &amp; 아트(22)] 이길래 조각가,http://jmagazine.joins.com/monthly/view/339420,http://jmagazine.joins.com/monthly/view/339420,"트럭에 가득 실린 동파이프 원형 배열에서 영감 이길래는 경희<b>대학교</b>에서 조소를 전공하고, 동 대학원에서... 단국대, <b>상명대</b> 등에서 20여 년간 강의하면서 [포토닷], [디지털카메라매거진], [미술세계], [월간중앙] 등에... ","Thu, 28 Mar 2024 09:20:00 +0900"
,title,originallink,link,description,pubDate
0,"&quot;AI·클라우드, 글로벌 경쟁은 필연&quot; [AI&amp;CLOUD 2024]",https://it.chosun.com/news/articleView.html?idxno=2023092112627,https://it.chosun.com/news/articleView.html?idxno=2023092112627,소비자는 가장 좋은 서비스를 쓰기 마련입니다.&quot;(서광규 <b>상명대</b>학교 교수) 27일 서울시 중구 웨스틴조선... 좌장을 맡은 서광규 <b>상명대</b> 교수는 &quot;AI는 파괴적 기술(Disruptive Technology) 중 하나로 규제와 정책이 나왔을 때 그... ,"Thu, 28 Mar 2024 06:00:00 +0900"
,title,originallink,link,description,pubDate
0,세계 반도체 전쟁서 밀릴라… 우리나라도 직접 보조금 검토,https://www.seoul.co.kr/news/economy/policy/2024/03/28/20240328001006&wlog_tag3=naver,https://n.news.naver.com/mnews/article/081/0003440295?sid=101,이종환 <b>상명대</b> 시스템반도체공학과 교수는 “반도체 산업은 자립률이 중요해 소부장(소재·부품·장비)을 다루는 기업들이 국내에 있을수록 유리하다”면서 “보조금을 지급하면 대기업을 포함해 중견·중소기업도... ,"Thu, 28 Mar 2024 05:03:00 +0900"
,title,originallink,link,description,pubDate
0,"미술관 솔, 전북 서양화의 시작 고(故) 금릉 김영창 첫 회고전",http://www.jeonmin.co.kr/news/articleView.html?idxno=394689,http://www.jeonmin.co.kr/news/articleView.html?idxno=394689,"<b>상명</b>여자<b>대학교</b>에서 교수로 재직했으며, 1965년과 1971년 두 차례 개인전을 가졌다. 1982년부터 1984년까지 3년 연속 국립현대미술관 초대전을 갖고, 국내외 유명 화랑에 초대됐다. 김영창의 작품세계는 일관되게... ","Wed, 27 Mar 2024 23:08:00 +0900"
,title,originallink,link,description,pubDate
0,"'임성채 19점 맹폭' 경희대, 단국대 잡고 시즌 첫 승",http://www.rookie.co.kr/news/articleView.html?idxno=97601,https://sports.news.naver.com/news.nhn?oid=398&aid=0000078336,단국<b>대학교</b>와의 경기에서 65-54로 이겼다. 이날 승리로 시즌 첫 승을 맛본 경희대는 시즌 성적 1승 1패를 기록하며 리그 6위로 올라섰다. 시즌 개막전에서 <b>상명대</b>를 꺾으며 승리를 맛봤던 단국대는 맹추격전 끝에 아쉽게... ,"Wed, 27 Mar 2024 19:22:00 +0900"
,title,originallink,link,description,pubDate
0,농협금융 사외이사 6명으로 줄어들 듯,https://www.hankyung.com/article/2024032709981,https://n.news.naver.com/mnews/article/015/0004965396?sid=101,"동시에 기존 사외이사인 서은숙 <b>상명대</b> 경제금융학부 교수와 하경자 부산대 대기환경과학과 교수를 연임 후보로 추천했다. 농협금융이 26일 공시한 사외이사 후보는 총 3명이지만, 이달 임기가 만료되는 사외이사는 총... ","Wed, 27 Mar 2024 18:00:00 +0900"
,title,originallink,link,description,pubDate
0,<b>상명대</b> &quot;고물가 시대 학생들 위해 천원 아침밥 행사 열어&quot;,http://edu.donga.com/?p=article&ps=view&at_no=20240327161559370386,http://edu.donga.com/?p=article&ps=view&at_no=20240327161559370386,"<b>상명대</b> 제공 <b>상명대</b>는 시간 부족 등으로 인해 아침 식사를 거르는 대학생들에게 아침밥 먹는 문화를 확산시키고 이로 인해 학습을 더욱 독려하고자 올해 3월부터 6월까지 매주 월요일부터 목요일까지 1,000원에... ","Wed, 27 Mar 2024 16:18:00 +0900"
,title,originallink,link,description,pubDate
0,업황 개선되는데도 소부장 고사 위기...K반도체 양극화 심화,https://www.asiatime.co.kr/article/20240327500303,https://www.asiatime.co.kr/article/20240327500303,"이종환 <b>상명대</b> 시스템반도체학과 교수 역시 “정부와 대기업은 중소, 중견 소부장 업체들과 협업하며 그들이 살아날 수 있는 환경을 함께 만들어야 우리 반도체 산업이 자립하고, 공급망 차원에서도 안정적일 것”... ","Wed, 27 Mar 2024 15:48:00 +0900"
,title,originallink,link,description,pubDate
0,"<b>상명대</b>, &quot;총장이 아침밥 쏜다.&quot;",http://www.kyosu.net/news/articleView.html?idxno=117615,http://www.kyosu.net/news/articleView.html?idxno=117615,"<b>상명대</b> 홍성태 총장이 27일(수) 아침 9시 학생들과 아침식사를 같이 하기 위해 서울캠퍼스 미래백년관 학생식당에 자리를 잡았다. <b>상명대</b>,&quot;총장이 아침밥 쏜다.&quot;행사 모습(왼쪽에서 두번째 <b>상명대</b> 홍성태총장) 학생식당에... ","Wed, 27 Mar 2024 15:32:00 +0900"
,title,originallink,link,description,pubDate
0,"KB·신한금융 이사회, 여성이 이끈다...5대 금융지주에 부는 ‘다양성 바람’",https://www.womennews.co.kr/news/articleView.html?idxno=246820,https://n.news.naver.com/mnews/article/310/0000115469?sid=101,"지난해 선임된 'ESG 전문가' 원숙연(61) 이화<b>여대</b> 행정학과 교수와 지난 22일 주주총회에서 신규 선임된 윤심... '경제·금융 전문가' 서은숙 <b>상명대</b> 경제금융학부 교수, '환경 전문가' 하경자 부산대 대기환경과학과... ","Wed, 27 Mar 2024 15:26:00 +0900"
,title,originallink,link,description,pubDate
0,5대 금융지주 사외이사 여성비율 ‘30% 천장’ 깼다,https://www.womennews.co.kr/news/articleView.html?idxno=246765,https://n.news.naver.com/mnews/article/310/0000115468?sid=101,"사외이사 중 여성은 서은숙 <b>상명대</b>학교 교수, 하경자 부산<b>대학교</b> 대기환경과학과 교수다. 금융지주들이 사외이사 중 여성 비율을 높인 건 금융당국의 영향인 것으로 분석된다. 지난해 12월 12일 이복현 금융감독원장은... ","Wed, 27 Mar 2024 15:24:00 +0900"
,title,originallink,link,description,pubDate
0,"<b>상명대</b>, 작년 이어 1000원 아침밥 제공 행사 실시",http://www.m-i.kr/news/articleView.html?idxno=1105777,http://www.m-i.kr/news/articleView.html?idxno=1105777,<b>상명대</b> 학생들이 27일 교내에서 무료 아침밥 제공 혜택을 받고 있다. 사진=<b>상명대</b>학교 제공 매일일보 = 안광석 기자  |  <b>상명대</b>학교는 27일 홍성태 총장이 학생들의 학습 독려를 위해 1000원 아침밥 제공 행사를... ,"Wed, 27 Mar 2024 15:02:00 +0900"
,title,originallink,link,description,pubDate
0,"<b>상명대</b>, 총장이 아침밥 쏜다!",http://www.enewstoday.co.kr/news/articleView.html?idxno=2107144,http://www.enewstoday.co.kr/news/articleView.html?idxno=2107144,<b>상명대</b> 홍성태 총장이 27일(수) 아침 9시 학생들과 아침식사를 같이 하기 위해 서울캠퍼스 미래백년관의... 평소 같으면 1000원을 내고 아침밥을 해결하는 날이지만 오늘은 <b>상명대</b> 홍성태 총장이 학생들에게 통 크게... ,"Wed, 27 Mar 2024 14:15:00 +0900"
,title,originallink,link,description,pubDate
0,'총장이 아침밥 쏜다!' <b>상명대</b> 아침식사 문화 조성 나서,http://news.mt.co.kr/mtview.php?no=2024032713352458726,https://n.news.naver.com/mnews/article/008/0005017714?sid=102,홍성태 <b>상명대</b>학교 총장이 27일 서울캠퍼스 미래백년관 학생식당에서 '총장이 아침밥 쏜다!' 행사를 열었다.... 같이 아침식사를 하게 돼 기쁘다&quot;고 소감을 전했다. 한편 <b>상명대</b>는 지난해 '천원의 아침밥 사업'을 시작했다.,"Wed, 27 Mar 2024 14:01:00 +0900"
,title,originallink,link,description,pubDate
0,"<b>상명대</b>, '총장이 아침밥 쏜다' 행사 진행",http://www.popcornnews.net/news/articleView.html?idxno=55947,http://www.popcornnews.net/news/articleView.html?idxno=55947,<b>상명대</b>는 아침밥 먹는 문화조성을 위해 홍성태 총장이 직접 27일 아침 9시 학생들과 아침식사를 같이 했다고... 날은 <b>상명대</b> 홍성태 총장이 학생들에게 통 크게 아침밥을 쏘는 날이어서 학생들은 무료로 아침밥을 먹을 수... ,"Wed, 27 Mar 2024 13:26:00 +0900"
,title,originallink,link,description,pubDate
0,"<b>상명대</b>, 오늘은 총장이 아침밥 쏜다",https://news.unn.net/news/articleView.html?idxno=561187,https://news.unn.net/news/articleView.html?idxno=561187,<b>상명대</b> 홍성태 총장이 27일 아침 9시 학생들과 아침식사를 같이 하기 위해 서울캠퍼스 미래백년관의... 평소 같으면 1000원을 내고 아침밥을 해결하는 날이지만 오늘은 <b>상명대</b> 홍성태 총장이 학생들에게 통 크게 아침밥을... ,"Wed, 27 Mar 2024 11:52:00 +0900"
,title,originallink,link,description,pubDate
0,"홍성태 <b>상명대</b> 총장, '총장이 아침밥 쏜다' 실시",https://www.dailysmart.co.kr/news/articleView.html?idxno=85088,https://www.dailysmart.co.kr/news/articleView.html?idxno=85088,홍성태(왼쪽 두 번째) <b>상명대</b>학교 총장이 '총장이 아침밥 쏜다'를 실시하고 있다. 사진=<b>상명대</b>.  홍성태 <b>상명대</b>학교 총장이 27일 아침 9시 학생들과 아침식사를 같이 하기 위해 <b>상명대</b> 서울캠퍼스 미래백년관의... ,"Wed, 27 Mar 2024 11:30:00 +0900"
,title,originallink,link,description,pubDate
0,"NH농협금융, 사외이사 7명에서 6명으로 축소…길재욱 신규 추천",https://www.tfmedia.co.kr/news/article.html?no=160569,https://www.tfmedia.co.kr/news/article.html?no=160569,"아울러 농협금융 임추위는 이달 말 임기가 만료되는 하경자 부산대 대기환경학과 교수, 서은숙 <b>상명대</b> 경제금융학부 교수 등 2명의 여성 사외이사를 재선임했다. 다만 남병호 전 KT캐피탈 대표, 함유근 건국대 경영학과... ","Wed, 27 Mar 2024 10:58:00 +0900"
,title,originallink,link,description,pubDate
0,"NH농협금융, 길재욱 사외이사 신규 추천… 29일 주총서 확정",https://www.moneys.co.kr/article/2024032710195920658,https://n.news.naver.com/mnews/article/417/0000991969?sid=101,"농협금융 임추위는 이달 말 임기가 만료되는 하경자 부산대 대기환경과학과 교수, 서은숙 <b>상명대</b> 경제금융학부 교수 등 2명의 여성 사외이사를 재선임했다. 다만 남병호 전 KT캐피탈 대표, 함유근 건국대 경영학과 교수... ","Wed, 27 Mar 2024 10:24:00 +0900"
,title,originallink,link,description,pubDate
0,성실함의 힘! 연세대의 기둥 홍상민 &quot;빛나려 하기 보다는 궂은 일부터&quot;,https://www.newsfreezone.co.kr/news/articleView.html?idxno=557476,https://www.newsfreezone.co.kr/news/articleView.html?idxno=557476,= 26일 연세<b>대학교</b> 체육관에서 열린 2024 KUSF 대학농구 U-리그(이하 U-리그) 연세<b>대학교</b>와 <b>상명대</b>학교 농구부(이하 <b>상명대</b>)의 경기에서 연세<b>대학교</b>가 압도적인 높이를 과시하며 100-74로 승리했다. 지난경기 연세대는 많은... ,"Wed, 27 Mar 2024 10:16:00 +0900"
,title,originallink,link,description,pubDate
0,"공수 양면 특급 활약 김승우 &quot;역할을 주신 만큼, 실수 줄일 것&quot;",https://www.newsfreezone.co.kr/news/articleView.html?idxno=557490,https://www.newsfreezone.co.kr/news/articleView.html?idxno=557490,= 26일 연세<b>대학교</b> 체육관에서 열린 2024 KUSF 대학농구 U-리그(이하 U-리그) 연세<b>대학교</b>(이하연세대)와 <b>상명대</b>학교 농구부(이하 <b>상명대</b>)의 경기에서 연세대가 압도적인 높이를 과시하며 100-74로 승리했다. 전반부터 점수차를... ,"Wed, 27 Mar 2024 10:16:00 +0900"
,title,originallink,link,description,pubDate
0,"농협금융지주, 길재욱 사외이사 신규 추천…&quot;홍콩ELS 사태속 고객신뢰 회복에...",https://www.viva100.com/main/view.php?key=20240327010008934,https://www.viva100.com/main/view.php?key=20240327010008934,"서은숙 사외이사는 1968년생으로 <b>상명대</b> 경제학과 졸업 후 서강대 경제학 석사, 텍사스대 경제학 박사학위를 취득했으며 한국재무관리학회 부회장과 금융감독원 금융감독자문위원회 소비자보호분과 위원, <b>상명대</b>... ","Wed, 27 Mar 2024 10:06:00 +0900"
,title,originallink,link,description,pubDate
0,[강상욱의 환경 리포트] 생수병 속 미세 플라스틱 해결책 있나?,http://www.ikunkang.com/news/articleView.html?idxno=39721,http://www.ikunkang.com/news/articleView.html?idxno=39721,"서울<b>대학교</b> 대학원 화학생물공학 박사이고, 미국 MIT 화학공학과 Post-Doctor이다. 2020년 부총리 겸 교육부장관상 수상, 2021년 LG젊은공업화학인상 수상, 2022년 화학공학회 심강논문상을 수상하기도 했다. 현재, <b>상명대</b>학... ","Wed, 27 Mar 2024 10:06:00 +0900"
,title,originallink,link,description,pubDate
0,"[49협회장기] 172cm 작은 거인, 리바운드 한개차로 쿼드러플더블 놓치다",,https://sports.news.naver.com/news.nhn?oid=065&aid=0000260587,그는 2010년 9월 16일 <b>상명대</b>를 상대로 14점 18리바운드 13어시스트 10블록슛을 기록하며 역사를 썼다. 중고농구 최초의 쿼드러플더블은 조석호(현 소노)의 손에서 나왔다. 2017년 당시 금명중 소속이던 그는 팔룡중 전에서... ,"Wed, 27 Mar 2024 10:05:00 +0900"
,title,originallink,link,description,pubDate
0,"NH농협금융, 길재욱 사외이사 신규 추천…'임기 만료' 4명 중 2명만 재선임",http://www.issuenbiz.com/news/articleView.html?idxno=40001,http://www.issuenbiz.com/news/articleView.html?idxno=40001,"농협금융은 이달 임기가 만료되는 하경자 부산대 대기환경과학과 교수, 서은숙 <b>상명대</b> 경제금융학부 교수 등 2명의 여성 사외이사를 재선임하기로 했다. 남병호 전 KT캐피탈 대표, 함유근 건국대 경영학과 교수 등 2명은... ","Wed, 27 Mar 2024 09:58:00 +0900"
,title,originallink,link,description,pubDate
0,"농협금융, 길재욱 사외이사 신규 추천…사외이사 7→6명으로",https://www.news1.kr/articles/5364262,https://n.news.naver.com/mnews/article/421/0007438461?sid=101,"또 농협금융 임추위는 이달 임기가 만료되는 하경자 부산대 대기환경과학과 교수, 서은숙 <b>상명대</b> 경제금융학부 교수 등 2명의 여성 사외이사를 재선임하기로 했다. 다만 남병호 전 KT캐피탈 대표, 함유근 건국대 경영학과... ","Wed, 27 Mar 2024 09:48:00 +0900"
,title,originallink,link,description,pubDate
0,"<b>상명대</b>, 천원의 아침밥 '인기만점'",https://www.viva100.com/main/view.php?key=20240327010008828,https://www.viva100.com/main/view.php?key=20240327010008828,"<b>상명대</b>, 천원의 아침밥 '인기만점' <b>상명대</b>학교는 26일부터 천안캠퍼스 재학생 1500명에게 새학기 든든한 아침으로 면학 분위기 조성을 위한 아침밥을 무료로 제공한다고 밝혔다. 이번 재학생 아침밥 제공은 홍성태... ","Wed, 27 Mar 2024 09:10:00 +0900"
,title,originallink,link,description,pubDate
0,"[오늘의 주역] '절실함, 진중함, 노력' KCC 곽정훈, 플레이오프 X팩터 돨 수 ...",https://basketkorea.com/news/newsview.php?ncode=1065546237358928,https://sports.news.naver.com/news.nhn?oid=351&aid=0000072350,"이후 <b>상명대</b>로 진학했고, KCC에 지명된 후 연고지 이전과 함께 부산이 홈 구장이 되었다. 게임 후 전창진 감독 역시 곽정훈에 대한 칭찬을 아끼지 않았다. 전 감독은 “늘 준비가 되어 있는 선수다. 강양택 코치가 정말... ","Wed, 27 Mar 2024 07:06:00 +0900"
,title,originallink,link,description,pubDate
0,[반도체 쩐의 전쟁 下] 美 '꽃놀이 패'냐 삼성전자 돌파구냐,https://www.viva100.com/main/view.php?key=20240326010008766,https://www.viva100.com/main/view.php?key=20240326010008766,외형상으로는 TSMC보다 적게 투자하고 더 많은 보조금을 지급받게되는 셈이다.이종환 <b>상명대</b>학교 시스템반도체학과 교수는 “미국은 철저히 이익 중심의 국가”라며 “삼성전자가 TSMC보다 더 많은 보조금을 받는다는... ,"Wed, 27 Mar 2024 06:26:00 +0900"
,title,originallink,link,description,pubDate
0,[삼성 반도체vsSK하이닉스]③ 삼성이 ‘파운드리’ 한눈 파는 사이… ‘낸드플...,https://biz.chosun.com/it-science/ict/2024/03/27/7DGCCXC5UFCJXEKGWRLE2PKZVM/?utm_source=naver&utm_medium=original&utm_campaign=biz,https://n.news.naver.com/mnews/article/366/0000981003?sid=105,이종환 <b>상명대</b> 시스템반도체공학과 교수는 “파운드리 사업은 메모리 반도체 이상으로 많은 연구 인력과 투자가 필요한 영역”이라며 “메모리 반도체 중심의 삼성전자가 파운드리 사업 후발주자로 나서다 보니... ,"Wed, 27 Mar 2024 06:01:00 +0900"
,title,originallink,link,description,pubDate
0,당국 압박 속 농협금융 사외이사진 교체 '장고',https://www.dailian.co.kr/news/view/1343687/?sc=Naver,https://n.news.naver.com/mnews/article/119/0002813763?sid=101,"남병호 전 KT캐피탈 대표, 함유근 건국대 경영학과 교수, 하경자 부산대 대기환경과학과 교수, 서은숙 <b>상명대</b> 경제금융학부 교수 등이다. 일반적으로 정기주주총회 일주일 전 쯤에는 임기 만료를 앞둔 사외이사들의 연임... ","Wed, 27 Mar 2024 06:00:00 +0900"
,title,originallink,link,description,pubDate
0,'적자도 괜찮다'는 저축銀…부실채권 매각은 ‘난항’,http://www.edaily.co.kr/news/newspath.asp?newsid=01184086638827584,https://n.news.naver.com/mnews/article/018/0005700705?sid=101,서지용 <b>상명대</b> 경영학과 교수는 “하반기에 금리가 떨어지지 않으면 차주의 연체율이 증가할 가능성이 커 안심할 수 없는 상황이다”며 “저축은행업계도 캠코 외 민간 유동화전문회사 회사와의 가격 협상력을 키워... ,"Wed, 27 Mar 2024 05:02:00 +0900"
,title,originallink,link,description,pubDate
0,"한국-인도네시아, 취약계층 청소년 지원 위해 머리 맞대",https://www.donga.com/news/Society/article/all/20240326/124160661/1,https://n.news.naver.com/mnews/article/020/0003555613?sid=102,이어서 이 사업의 프로젝트 매니저인 <b>상명대</b> 가족복지학과 홍영준 교수가 환영사를 전했다. 홍 교수는... 이어 진행된 전문가 토론과 질의응답 시간에는 디위 율리아니 반둥사회복지전문대 교수와 서울<b>여대</b> 사회복지학과... ,"Wed, 27 Mar 2024 03:06:00 +0900"
,title,originallink,link,description,pubDate
0,"“상생금융, 효과적 브랜딩이자 마케팅… 고객 어려움 돌봐야”",https://www.donga.com/news/Economy/article/all/20240326/124170134/1,https://n.news.naver.com/mnews/article/020/0003555599?sid=101,"이날 첫 번째 사례 발표자로 나선 서지용 <b>상명대</b> 경영학부 교수는 “교육 프로그램을 제외하면 취약계층을 지원하는 방안이 다수를 차지하는데, 선택과 집중이 이뤄지고 있지 않아 아쉬운 지점이 많다”며 “홍보 효과만... ","Wed, 27 Mar 2024 03:05:00 +0900"
,title,originallink,link,description,pubDate
0,발톱을 드러낸 독수리! 연승을 시작하는 연세대,https://www.newsfreezone.co.kr/news/articleView.html?idxno=557468,https://www.newsfreezone.co.kr/news/articleView.html?idxno=557468,"가슴이 뻥 뚫리는 활약을 보여준 연세대는 4월 천안에서  단국<b>대학교</b> 농구부, <b>상명대</b>학교 농구부와 겨룬다. 주요 선수 기록 연세대 김승우 18득점 4리바운드 이유진 19득점 5어시스트 홍상민 9득점 9리바운드 <b>상명대</b>... ","Tue, 26 Mar 2024 22:10:00 +0900"
,title,originallink,link,description,pubDate
0,“100점을 올렸어도 100점짜리 경기는 아니다” 윤호진 감독의 한마디,,https://sports.news.naver.com/news.nhn?oid=065&aid=0000260519,연세<b>대학교</b>는 26일 연세<b>대학교</b> 신촌캠퍼스 체육관에서 열린 2024 KUSF 대학 농구 U-리그 <b>상명대</b>와의 홈경기에서 100-74로 완승했다. 신장에서 우위를 점한 연세대는 리바운드도(42-20) 크게 앞섰다. 또 강조했던 유기적인... ,"Tue, 26 Mar 2024 20:35:00 +0900"
,title,originallink,link,description,pubDate
0,대학 리그 데뷔 득점올린 강태현 “아직 신입생인 티를 못 벗었다”,,https://sports.news.naver.com/news.nhn?oid=065&aid=0000260518,"연세<b>대학교</b>는 26일 연세<b>대학교</b> 신촌캠퍼스 체육관에서 열린 2024 KUSF 대학 농구 U-리그 <b>상명대</b>와의 홈경기에서 100-74로 승리했다. 개막 2연승이다. 연세대는 신입생 강태현(19세, 197cm)이 11분 13초 동안 경기를 뛰며 6점... ","Tue, 26 Mar 2024 20:32:00 +0900"
,title,originallink,link,description,pubDate
0,"<b>상명대</b>, 교직원 참여 재학생 무려 아침밥 제공 이벤트 인기",http://www.cctimes.kr/news/articleView.html?idxno=791625,http://www.cctimes.kr/news/articleView.html?idxno=791625,<b>상명대</b>학교(총장 홍성태) 천안캠퍼스는 26일부터 홍성태 총장을 시작으로 교무위원이 모두 참여하는 아침밥... 홍성태 총장은 &quot;새학기 초부터 아침밥 먹는 문화 확산을 통해 <b>상명대</b>학교 재학생들이 더욱 건강한... ,"Tue, 26 Mar 2024 20:01:00 +0900"
,title,originallink,link,description,pubDate
0,"<b>상명대</b>, 면학 분위기 조성을 위해 천안캠 1,500명 아침밥 제공",https://www.ccdn.co.kr/news/articleView.html?idxno=967282,https://www.ccdn.co.kr/news/articleView.html?idxno=967282,<b>상명대</b>학교(총장 홍성태)는 26일부터 홍성태 총장을 시작으로 교무위원이 모두 참여하여 면학 분위기 조성을... 홍성태 총장은 &quot;새학기 초부터 아침밥 먹는 문화 확산을 통해 <b>상명대</b>학교 재학생들이 더욱 건강한... ,"Tue, 26 Mar 2024 19:34:00 +0900"
,title,originallink,link,description,pubDate
0,“매일 잘 넣을 수는 없어요” 개막전 부진 개의치 않았던 연세대 김승우,,https://sports.news.naver.com/news.nhn?oid=065&aid=0000260516,"연세대는 26일 연세대 신촌캠퍼스 체육관에서 열린 2024 KUSF 대학농구 U-리그 <b>상명대</b>와의 경기에서 100-74로... 김승우가 저돌적으로 돌파를 감행하면 <b>상명대</b> 수비는 자동적으로 몰렸고, 김승우는 노련하게 패스를 뿌리며... ","Tue, 26 Mar 2024 19:11:00 +0900"
,title,originallink,link,description,pubDate
0,'메인 볼 핸들러 적응 중' 연세대 이주영 &quot;지난 시즌의 한 제대로 풀겠다&quot;,http://www.rookie.co.kr/news/articleView.html?idxno=97556,https://sports.news.naver.com/news.nhn?oid=398&aid=0000078297,연세<b>대학교</b>는 26일 연세<b>대학교</b> 신촌캠퍼스 체육관에서 열린 2024 KUSF 대학농구 U-리그 <b>상명대</b>학교와의 경기에서 100-74로 승리했다. 이날 20분 2초 동안 코트를 누빈 이주영은 3점슛 3개 포함 13득점 4리바운드 6어시스트를... ,"Tue, 26 Mar 2024 19:06:00 +0900"
,title,originallink,link,description,pubDate
0,연세대 윤호진 감독 &quot;첫 경기보다는 훨씬 나아졌다&quot;,http://www.rookie.co.kr/news/articleView.html?idxno=97555,https://sports.news.naver.com/news.nhn?oid=398&aid=0000078294,&quot;그래도 첫 경기보다는 좋은 경기를 했다고 생각한다.&quot; 연세<b>대학교</b>는 26일 연세<b>대학교</b> 신촌캠퍼스 체육관에서 열린 2024 KUSF 대학농구 U-리그 <b>상명대</b>학교와의 경기에서 100-74로 승리했다. 연세대 윤호진 감독은 &quot;준비한... ,"Tue, 26 Mar 2024 18:58:00 +0900"
,title,originallink,link,description,pubDate
0,"연세대, 주전-벤치 고른 활약 앞세워 100점 고지 밟고 <b>상명대</b> 완파",http://www.rookie.co.kr/news/articleView.html?idxno=97552,https://sports.news.naver.com/news.nhn?oid=398&aid=0000078291,연세대가 홈에서 <b>상명대</b>를 가볍게 누르고 2연승을 달렸다. 연세<b>대학교</b>는 26일 연세<b>대학교</b> 신촌캠퍼스 체육관에서 열린 2024 KUSF 대학농구 U-리그 <b>상명대</b>학교와의 경기에서 100-74로 승리했다. 연세대는 1학년 김승우가... ,"Tue, 26 Mar 2024 18:54:00 +0900"
,title,originallink,link,description,pubDate
0,"[대학리그] ‘우승 후보’ 연세대, <b>상명대</b> 제압 … 부산대, 수원대 꺾고 첫 승",https://basketkorea.com/news/newsview.php?ncode=1065606477712364,https://sports.news.naver.com/news.nhn?oid=351&aid=0000072339,"그 결과, <b>상명대</b>를 압도했다. 한편, 부산대는 부산<b>대학교</b> 체육관에서 열린 <b>여대</b>부 정규리그 경기에서 수원대를 69-60으로 격파했다. 안방에서 첫 승을 신고했다. 반면, 수원대는 1패로 이번 시즌을 시작한다. 여러... ","Tue, 26 Mar 2024 18:51:00 +0900"
,title,originallink,link,description,pubDate
0,"[JB화보] 연세대, <b>상명대</b>에 100-74로 승리",,https://sports.news.naver.com/news.nhn?oid=065&aid=0000260512,연세대는 26일 연세대 신촌캠퍼스 체육관에서 열린 2024 KUSF 대학농구 U-리그 <b>상명대</b>와의 경기에서 100-74로 승리했다. 연세대의 김승우가 3점슛 3개 포함 18점으로 팀 내 최다 득점을 기록했고 이유진과 이주영과... ,"Tue, 26 Mar 2024 18:48:00 +0900"
,title,originallink,link,description,pubDate
0,"‘아기독수리 김승우 18점 맹활약’ 연세대, <b>상명대</b> 잡고 2연승 신바람",,https://sports.news.naver.com/news.nhn?oid=065&aid=0000260510,연세대는 26일 연세대 신촌캠퍼스 체육관에서 열린 2024 KUSF 대학농구 U-리그 <b>상명대</b>와의 경기에서 100-74로... <b>상명대</b>에선 박인섭과 홍동명이 내외곽을 바삐 오가며 분투했지만 패배를 막기엔 역부족이었다. 이날 경기로... ,"Tue, 26 Mar 2024 18:26:00 +0900"
,title,originallink,link,description,pubDate
0,韓日 반도체 소부장 현주소②) &quot;일본이 다시 시장 흡수하진 못할 것&quot;,https://www.fortunekorea.co.kr/news/articleView.html?idxno=36153,https://www.fortunekorea.co.kr/news/articleView.html?idxno=36153,"이종환 <b>상명대</b> 시스템반도체공학과 교수는 &quot;일본 소부장 업체들의 국내 시장 점유율이 과거만큼 크게 확대되지 않았다는 것은, 국내 소부장 업체들이 약진하고 있다는 것을 반증한다&quot;고 전했다. 이부형 현대경제연구원... ","Tue, 26 Mar 2024 18:22:00 +0900"
,title,originallink,link,description,pubDate
0,조대규 교보생명 신임 대표 &quot;조직 간의 소통과 공감이 가장 중요&quot;,http://www.todaykorea.co.kr/news/articleView.html?idxno=316335,http://www.todaykorea.co.kr/news/articleView.html?idxno=316335,"한편, 조 대표는 성균관대 사범대와 <b>상명대</b> 경영대학원을 졸업했으며 지난 1989년 교보생명에 입사해 FP본부장, 계성원장, 영업교육팀장, 전략기획담당, 경영기획실장 겸 인력지원실장 등을 역임한 바 있다.","Tue, 26 Mar 2024 17:58:00 +0900"
,title,originallink,link,description,pubDate
0,동네마트 사장님들 뿔났다...&quot;카드 결제수수료 과도&quot;,http://www.edaily.co.kr/news/newspath.asp?newsid=03427606638827256,https://n.news.naver.com/mnews/article/018/0005700557?sid=101,[서지용/<b>상명대</b>학교 경영학부 교수] “시장 논리에 의해서 지금 수수료율이 작동되지 않는 게 상당히 오래전부터 됐기 때문에 이제는 적격비용 산출 제도를 폐지해야 할 필요가 있어 보이고 가급적 마트 가맹점하고... ,"Tue, 26 Mar 2024 17:15:00 +0900"
,title,originallink,link,description,pubDate
0,'천원의 아침밥 8년차' 186개교 참여 '42곳 확대'.. 지원단가 인상 '대학 부담...,http://www.veritas-a.com/news/articleView.html?idxno=498328,http://www.veritas-a.com/news/articleView.html?idxno=498328,지역별 참<b>여대</b>학을 살펴보면 수도권의 △서울은 건국대 경기대(서울) 경희대 고려대 광운대 국민대 덕성<b>여대</b> 동국대 동덕<b>여대</b> 명지대 배화<b>여대</b> 삼육대 삼육보건대 <b>상명대</b> 서경대 서울과기대 서울대 서울시립대... ,"Tue, 26 Mar 2024 16:12:00 +0900"
,title,originallink,link,description,pubDate
0,수능 ‘선택 지정’ 대학 감소…‘문과 침공’ 완화되나,http://www.edaily.co.kr/news/newspath.asp?newsid=03030726638827256,https://n.news.naver.com/mnews/article/018/0005700437?sid=102,광운대·국민대·동국대·삼육대·<b>상명대</b>·세종대·숭실대 등이 2025학년도부터 미적분·기하 응시생에게 가산점을 부여한다. 반면 가톨릭대는 자연계가 아닌 인문계열에서 확률과 통계 응시생에게 5%의 가산점을 주기로... ,"Tue, 26 Mar 2024 15:32:00 +0900"
,title,originallink,link,description,pubDate
0,[2024 부동산 입법포럼] &quot;부동산 경기 활성화 지금이 골든타임··· 선제적·...,https://www.ajunews.com/view/20240326143603246,https://www.ajunews.com/view/20240326143603246,"앞줄 왼쪽부터 박문수 <b>상명대</b> 부동산학과 교수, 진현환 국토교통부 제1차관, 임규진 아주뉴스코퍼레이션 사장, 김예림 법무법인 심목 대표변호사, 김재식 한국주택협회 상근부회장. 뒷줄 왼쪽부터 이동훈... ","Tue, 26 Mar 2024 15:20:00 +0900"
,title,originallink,link,description,pubDate
0,"<b>상명대</b>, 천안캠 1500명 아침밥 무료 제공으로 면학 분위기 조성",http://www.chungnamilbo.co.kr/news/articleView.html?idxno=763363,http://www.chungnamilbo.co.kr/news/articleView.html?idxno=763363,(사진제공=<b>상명대</b>)  <b>상명대</b>학교는 26일부터 홍성태 총장을 시작으로 교무위원이 모두 참여하여 면학 분위기 조성을 위한 릴레이 이벤트로 천안캠퍼스 재학생 1500명에게 아침밥을 무료로 제공한다. 서울캠퍼스에서도... ,"Tue, 26 Mar 2024 14:44:00 +0900"
,title,originallink,link,description,pubDate
0,"[2024 부동산 입법포럼] 박문수 교수 &quot;부동산 시장 경착륙 우려...선제적, 종...",https://www.ajunews.com/view/20240326131736130,https://www.ajunews.com/view/20240326131736130,com 박문수 <b>상명대</b>학교 부동산학과 교수가 '규제 완화를 통한 부동산 시장의 활성화 방안'이라는 주제로... 박문수 <b>상명대</b>학교 부동산학과 교수는 26일 열린 '2024 부동산 입법포럼'에 주제 발표자로 나서 &quot;주택 공급... ,"Tue, 26 Mar 2024 14:34:00 +0900"
,title,originallink,link,description,pubDate
0,<b>상명대</b> 천안캠퍼스 학생 1500명 아침밥 무료 제공 면학 분위기 조성,https://www.ccdailynews.com/news/articleView.html?idxno=2264644,https://www.ccdailynews.com/news/articleView.html?idxno=2264644,<b>상명대</b>는 26일부터 홍성태 총장을 시작으로 교무위원이 모두 참여해 면학 분위기 조성을 위한 릴레이... 홍성태 총장은 &quot;새학기 초부터 아침밥 먹는 문화 확산을 통해 <b>상명대</b>학교 재학생들이 더욱 건강한 대학생활을... ,"Tue, 26 Mar 2024 13:04:00 +0900"
,title,originallink,link,description,pubDate
0,조대규 교보생명 새 대표 취임,https://www.munhwa.com/news/view.html?no=2024032601072905054001,https://n.news.naver.com/mnews/article/021/0002628565?sid=101,"조 대표는 성균관대 사범대와 <b>상명대</b> 경영대학원을 졸업했다. 1989년 교보생명에 입사해 영업 현장을 담당하는 FP본부장, 계성원장(연수원장), 영업교육팀장, 전략기획담당, 경영기획실장 겸 인력지원실장 등을 거친 정통... ","Tue, 26 Mar 2024 11:49:00 +0900"
,title,originallink,link,description,pubDate
0,"<b>상명대</b>, 면학 분위기 조성을 위해 천안캠 1500명 아침밥 제공",https://www.joongdo.co.kr/web/view.php?key=20240326010008159,https://www.joongdo.co.kr/web/view.php?key=20240326010008159,천안=하재원 기자,"Tue, 26 Mar 2024 11:30:00 +0900"
,title,originallink,link,description,pubDate
0,"<b>상명대</b> 천안캠, 면학 분위기 조성 위해 1500명 아침밥 제공",https://www.ggilbo.com/news/articleView.html?idxno=1021538,https://www.ggilbo.com/news/articleView.html?idxno=1021538,<b>상명대</b> 제공 <b>상명대</b>학교(총장 홍성태)는 26일부터 홍성태 총장을 시작으로 교무위원이 모두 참여하여 면학 분위기 조성을 위한 릴레이 이벤트로 천안캠퍼스 재학생 1500명에게 아침밥을 무료로 제공한다.... ,"Tue, 26 Mar 2024 11:26:00 +0900"
,title,originallink,link,description,pubDate
0,"<b>상명대</b>, 1500명 아침 제공으로 면학 분위기 조성",https://www.dnews.co.kr/uhtml/view.jsp?idxno=202403261103388020441,https://www.dnews.co.kr/uhtml/view.jsp?idxno=202403261103388020441,총장 등 교무위원 릴레이로 하루 100명 아침밥 무료 이벤트 진행 <b>상명대</b>학교(총장 홍성태)가 26일부터 홍성태... 홍성태 총장은 “새학기 초부터 아침밥 먹는 문화 확산을 통해 <b>상명대</b>학교 재학생들이 더욱 건강한... ,"Tue, 26 Mar 2024 11:22:00 +0900"
,title,originallink,link,description,pubDate
0,"<b>상명대</b>, 천안캠 1,500명에 무료 아침밥",http://dhnews.co.kr/news/view/1065577887527729,http://dhnews.co.kr/news/view/1065577887527729,"<b>상명대</b>가 26일부터 면학 분위기 조성을 위한 릴레이 이벤트로 천안캠퍼스 재학생 1,500명에게 아침밥 무료 제공한다. 사진=<b>상명대</b> 제공  <b>상명대</b>학교가 26일부터 홍성태 총장을 시작으로 교무위원이 모두 참여해 면학... ","Tue, 26 Mar 2024 10:56:00 +0900"
,title,originallink,link,description,pubDate
0,"SSD에 힘주는 삼성·하이닉스, '낸드의 봄' 기대 커진다",https://www.asiatime.co.kr/article/20240326500123,https://www.asiatime.co.kr/article/20240326500123,이종환 <b>상명대</b> 시스템반도체학과 교수는 &quot;SSD 시장 역시 수익을 충분히 챙길 만한 영역인 만큼 기업이 시장에 뛰어드는 것&quot;이라면서 &quot;반도체 기술이란 게 모두 비슷한 측면이 있어 두 기업이 SSD 시장에서도... ,"Tue, 26 Mar 2024 10:56:00 +0900"
,title,originallink,link,description,pubDate
0,"<b>상명대</b>, 천안캠 1500명에 아침밥 제공",http://www.veritas-a.com/news/articleView.html?idxno=498292,http://www.veritas-a.com/news/articleView.html?idxno=498292,<b>상명대</b>는 홍성태 총장을 시작으로 교무위원이 모두 참여해 면학 분위기 조성을 위한 릴레이 이벤트로... 홍성태 총장은 &quot;새학기 초부터 아침밥 먹는 문화 확산을 통해 <b>상명대</b> 재학생들이 더욱 건강한 대학생활을 만들어갈... ,"Tue, 26 Mar 2024 10:52:00 +0900"
,title,originallink,link,description,pubDate
0,"<b>상명대</b>, 면학 분위기 조성을 위해 천안캠 1,500명 아침밥 제공",http://www.dtnews24.com/news/articleView.html?idxno=768835,http://www.dtnews24.com/news/articleView.html?idxno=768835,<b>상명대</b>학교(총장 홍성태)는 26일부터 홍성태 총장을 시작으로 교무위원이 모두 참여하여 면학 분위기 조성을... 홍성태 총장은 &quot;새학기 초부터 아침밥 먹는 문화 확산을 통해 <b>상명대</b>학교 재학생들이 더욱 건강한... ,"Tue, 26 Mar 2024 10:44:00 +0900"
,title,originallink,link,description,pubDate
0,조대규 교보생명 대표 취임…“보험사업혁신·지속가능성장 이끌 것”,https://mydaily.co.kr/page/view/2024032610082254930,https://n.news.naver.com/mnews/article/117/0003816647?sid=103,"한편 조 대표는 서울 출신으로 성균관대 사범대와 <b>상명대</b> 경영대학원을 졸업했다. 1989년 교보생명에 입사해 영업 현장을 담당하는 FP본부장, 계성원장(연수원장), 영업교육팀장, 전략기획담당, 경영기획실장 겸... ","Tue, 26 Mar 2024 10:10:00 +0900"
,title,originallink,link,description,pubDate
0,삼성전자와 SK하이닉스 'AI 황태자' 될 수 있을까 [분석+],https://www.thescoop.co.kr/news/articleView.html?idxno=301310,https://n.news.naver.com/mnews/article/665/0000002696?sid=101,"이종환 <b>상명대</b>(시스템반도체공학) 교수의 설명을 들어보자. &quot;차세대 반도체는 메모리 반도체와 비메모리 반도체가 결합한 형태가 될 가능성이 높다. AI 기술이 가속화하고, 나아가 휴머노이드 산업이 커지면... ","Tue, 26 Mar 2024 10:03:00 +0900"
,title,originallink,link,description,pubDate
0,[포토] '2024 부동산 입법포럼',https://www.ajunews.com/view/20240326094648861,https://www.ajunews.com/view/20240326094648861,"앞줄 왼쪽부터 박문수 <b>상명대</b>학교 부동산학과 교수, 진현환 국토교통부 제1차관, 임규진 아주뉴스코퍼레이션 사장, 김예림 법무법인 심목 대표변호사, 김재식 한국주택협회 상근부회장. 뒷줄 왼쪽부터 이동훈... ","Tue, 26 Mar 2024 09:48:00 +0900"
,title,originallink,link,description,pubDate
0,[반도체 쩐의 전쟁 上] 美 집중 견제에 日로 방향 튼 TSMC,https://www.viva100.com/main/view.php?key=20240325010008205,https://www.viva100.com/main/view.php?key=20240325010008205,이종환 <b>상명대</b> 시스템반도체학과 교수는 “AI 반도체가 중요해지면서 팹리스와 파운드리간 협력을 예상해 미국이 자국 기업을 키우기에 나섰다”고 봤다.최근 TSMC의 미국 내 공장 건설 지연도 같은 맥락으로... ,"Tue, 26 Mar 2024 06:32:00 +0900"
,title,originallink,link,description,pubDate
0,"&quot;두 번 실패는 없다&quot;…약사회, 수가협상단 본격 가동",https://www.kpanews.co.kr/article/show.asp?idx=249531&category=A,https://www.kpanews.co.kr/article/show.asp?idx=249531&category=A,"오동일 교수(現 <b>상명대</b>학교 금융경영학과 교수)가 책임자로 연구를 진행한다. 한편 2024년도 수가 협상결과에서는 평균인상률 1.98%(추가 소요재정 1조 1975억원), 병원 1.9%, 치과 3.2%, 한의 3.6%, 조산원 4.5%, 보건기관 2.7%로... ","Tue, 26 Mar 2024 06:06:00 +0900"
,title,originallink,link,description,pubDate
0,미국의 반도체 집착…각자도생 속 韓반도체는?,https://www.nocutnews.co.kr/news/6117547?utm_source=naver&utm_medium=article&utm_campaign=20240326063441,https://n.news.naver.com/mnews/article/079/0003877858?sid=101,"이종환 <b>상명대</b> 시스템반도체공학과 교수는 &quot;각국이 다 주도권을 잡기 위한 경쟁이 치열한 상황에서 한국은 지원이 부족하다. 미국, 일본, 중국 등 각국, 그 나라의 경쟁사와의 보조는 맞춰야 한다&quot;고 말했다. 반도체... ","Tue, 26 Mar 2024 05:02:00 +0900"
,title,originallink,link,description,pubDate
0,"홍콩ELS發 긴축경영…은행, 채용·점포 더 줄인다",http://www.edaily.co.kr/news/newspath.asp?newsid=01154566638827256,https://n.news.naver.com/mnews/article/018/0005699858?sid=101,서지용 <b>상명대</b> 경영학부 교수는 “은행권의 홍콩ELS배상안에 따른 긴축경영의 우선 타깃으로 신규 채용이나 영업점 수가 속도감 있게 줄어들 것으로 보인다”며 “리스크 관리에 초점을 두고 비용 줄여서라도... ,"Tue, 26 Mar 2024 05:01:00 +0900"
,title,originallink,link,description,pubDate
0,&quot;정체 속 변화·혁신이 절실&quot;... 조대규 교보생명 대표 취임,https://www.dt.co.kr/contents.html?article_no=2024032602100863084001&ref=naver,https://n.news.naver.com/mnews/article/029/0002863313?sid=101,"1964년생인 조 대표는 서울 출신으로 성균관대 사범대와 <b>상명대</b> 경영대학원을 졸업했다. 이후 1989년 교보생명에 입사해 영업 현장을 담당하는 보험설계사(FP)본부장, 계성원장(연수원장), 영업교육팀장, 전략기획담당... ","Mon, 25 Mar 2024 19:24:00 +0900"
,title,originallink,link,description,pubDate
0,[기획] `뒷짐` 민주당까지 반도체 공약 급조,https://www.dt.co.kr/contents.html?article_no=2024032602100151820001&ref=naver,https://n.news.naver.com/mnews/article/029/0002863308?sid=101,이종환 <b>상명대</b> 교수(시스템반도체공학)는 &quot;반도체는 10~20년을 내다봐야 하는 산업으로 공약을 이행하기 위한 상세한 계획과 실제 실행까지 연결될 수 있도록 체계적인 정책을 마련하는 게 중요하다&quot;고 강조했다. 이어... ,"Mon, 25 Mar 2024 19:02:00 +0900"
